subject_id,label,line_image_path,line_number,notes
S01,0,data/1_D_0.jpg,0,Cropped line image
S01,1,data/1_Y_0.jpg,0,Cropped line image
S01,0,data/1_D_1.jpg,1,Cropped line image
S01,1,data/1_Y_1.jpg,1,Cropped line image
S01,0,data/1_D_2.jpg,2,Cropped line image
S01,1,data/1_Y_2.jpg,2,Cropped line image
S01,0,data/1_D_3.jpg,3,Cropped line image
S01,1,data/1_Y_3.jpg,3,Cropped line image
S01,0,data/1_D_4.jpg,4,Cropped line image
S01,1,data/1_Y_4.jpg,4,Cropped line image
S01,0,data/1_D_5.jpg,5,Cropped line image
S01,1,data/1_Y_5.jpg,5,Cropped line image
S01,0,data/1_D_6.jpg,6,Cropped line image
S01,1,data/1_Y_6.jpg,6,Cropped line image
S01,0,data/1_D_7.jpg,7,Cropped line image
S01,1,data/1_Y_7.jpg,7,Cropped line image
S01,0,data/1_D_8.jpg,8,Cropped line image
S01,1,data/1_Y_8.jpg,8,Cropped line image
S01,0,data/1_D_9.jpg,9,Cropped line image
S01,1,data/1_Y_9.jpg,9,Cropped line image
S01,0,data/1_D_10.jpg,10,Cropped line image
S01,1,data/1_Y_10.jpg,10,Cropped line image
S01,0,data/1_D_11.jpg,11,Cropped line image
S01,1,data/1_Y_11.jpg,11,Cropped line image
S01,0,data/1_D_12.jpg,12,Cropped line image
S01,1,data/1_Y_12.jpg,12,Cropped line image
S01,0,data/1_D_13.jpg,13,Cropped line image
S01,1,data/1_Y_13.jpg,13,Cropped line image
S01,0,data/1_D_14.jpg,14,Cropped line image
S01,1,data/1_Y_14.jpg,14,Cropped line image
S01,0,data/1_D_15.jpg,15,Cropped line image
S01,1,data/1_Y_15.jpg,15,Cropped line image
S01,0,data/1_D_16.jpg,16,Cropped line image
S01,1,data/1_Y_16.jpg,16,Cropped line image
S01,0,data/1_D_17.jpg,17,Cropped line image
S01,1,data/1_Y_17.jpg,17,Cropped line image
S01,0,data/1_D_18.jpg,18,Cropped line image
S01,1,data/1_Y_18.jpg,18,Cropped line image
S01,0,data/1_D_19.jpg,19,Cropped line image
S01,1,data/1_Y_19.jpg,19,Cropped line image
S01,0,data/1_D_20.jpg,20,Cropped line image
S01,1,data/1_Y_20.jpg,20,Cropped line image
S01,0,data/1_D_21.jpg,21,Cropped line image
S01,1,data/1_Y_21.jpg,21,Cropped line image
S01,0,data/1_D_22.jpg,22,Cropped line image
S01,1,data/1_Y_22.jpg,22,Cropped line image
S01,0,data/1_D_23.jpg,23,Cropped line image
S01,1,data/1_Y_23.jpg,23,Cropped line image
S01,0,data/1_D_24.jpg,24,Cropped line image
S01,1,data/1_Y_24.jpg,24,Cropped line image
S01,0,data/1_D_25.jpg,25,Cropped line image
S01,1,data/1_Y_25.jpg,25,Cropped line image
S01,0,data/1_D_26.jpg,26,Cropped line image
S01,1,data/1_Y_26.jpg,26,Cropped line image
S01,0,data/1_D_27.jpg,27,Cropped line image
S01,1,data/1_Y_27.jpg,27,Cropped line image
S01,0,data/1_D_28.jpg,28,Cropped line image
S01,1,data/1_Y_28.jpg,28,Cropped line image
S01,0,data/1_D_29.jpg,29,Cropped line image
S01,1,data/1_Y_29.jpg,29,Cropped line image
S01,0,data/1_D_30.jpg,30,Cropped line image
S01,1,data/1_Y_30.jpg,30,Cropped line image
S01,0,data/1_D_31.jpg,31,Cropped line image
S01,1,data/1_Y_31.jpg,31,Cropped line image
S01,0,data/1_D_32.jpg,32,Cropped line image
S01,1,data/1_Y_32.jpg,32,Cropped line image
S01,0,data/1_D_33.jpg,33,Cropped line image
S01,1,data/1_Y_33.jpg,33,Cropped line image
S01,0,data/1_D_34.jpg,34,Cropped line image
S01,1,data/1_Y_34.jpg,34,Cropped line image
S01,0,data/1_D_35.jpg,35,Cropped line image
S01,1,data/1_Y_35.jpg,35,Cropped line image
S01,0,data/1_D_36.jpg,36,Cropped line image
S01,1,data/1_Y_36.jpg,36,Cropped line image
S01,0,data/1_D_37.jpg,37,Cropped line image
S01,1,data/1_Y_37.jpg,37,Cropped line image
S01,0,data/1_D_38.jpg,38,Cropped line image
S01,1,data/1_Y_38.jpg,38,Cropped line image
S01,0,data/1_D_39.jpg,39,Cropped line image
S01,1,data/1_Y_39.jpg,39,Cropped line image
S01,0,data/1_D_40.jpg,40,Cropped line image
S01,1,data/1_Y_40.jpg,40,Cropped line image
S01,0,data/1_D_41.jpg,41,Cropped line image
S01,1,data/1_Y_41.jpg,41,Cropped line image
S01,0,data/1_D_42.jpg,42,Cropped line image
S01,1,data/1_Y_42.jpg,42,Cropped line image
S01,0,data/1_D_43.jpg,43,Cropped line image
S01,1,data/1_Y_43.jpg,43,Cropped line image
S01,0,data/1_D_44.jpg,44,Cropped line image
S01,1,data/1_Y_44.jpg,44,Cropped line image
S01,0,data/1_D_45.jpg,45,Cropped line image
S01,1,data/1_Y_45.jpg,45,Cropped line image
S01,0,data/1_D_46.jpg,46,Cropped line image
S01,1,data/1_Y_46.jpg,46,Cropped line image
S01,0,data/1_D_47.jpg,47,Cropped line image
S01,1,data/1_Y_47.jpg,47,Cropped line image
S01,0,data/1_D_48.jpg,48,Cropped line image
S01,1,data/1_Y_48.jpg,48,Cropped line image
S01,0,data/1_D_49.jpg,49,Cropped line image
S01,1,data/1_Y_49.jpg,49,Cropped line image
S02,0,data/2_D_0.jpg,0,Cropped line image
S02,1,data/2_Y_0.jpg,0,Cropped line image
S02,0,data/2_D_1.jpg,1,Cropped line image
S02,1,data/2_Y_1.jpg,1,Cropped line image
S02,0,data/2_D_2.jpg,2,Cropped line image
S02,1,data/2_Y_2.jpg,2,Cropped line image
S02,0,data/2_D_3.jpg,3,Cropped line image
S02,1,data/2_Y_3.jpg,3,Cropped line image
S02,0,data/2_D_4.jpg,4,Cropped line image
S02,1,data/2_Y_4.jpg,4,Cropped line image
S02,0,data/2_D_5.jpg,5,Cropped line image
S02,1,data/2_Y_5.jpg,5,Cropped line image
S02,0,data/2_D_6.jpg,6,Cropped line image
S02,1,data/2_Y_6.jpg,6,Cropped line image
S02,0,data/2_D_7.jpg,7,Cropped line image
S02,1,data/2_Y_7.jpg,7,Cropped line image
S02,0,data/2_D_8.jpg,8,Cropped line image
S02,1,data/2_Y_8.jpg,8,Cropped line image
S02,0,data/2_D_9.jpg,9,Cropped line image
S02,1,data/2_Y_9.jpg,9,Cropped line image
S02,0,data/2_D_10.jpg,10,Cropped line image
S02,1,data/2_Y_10.jpg,10,Cropped line image
S02,0,data/2_D_11.jpg,11,Cropped line image
S02,1,data/2_Y_11.jpg,11,Cropped line image
S02,0,data/2_D_12.jpg,12,Cropped line image
S02,1,data/2_Y_12.jpg,12,Cropped line image
S02,0,data/2_D_13.jpg,13,Cropped line image
S02,1,data/2_Y_13.jpg,13,Cropped line image
S02,0,data/2_D_14.jpg,14,Cropped line image
S02,1,data/2_Y_14.jpg,14,Cropped line image
S02,0,data/2_D_15.jpg,15,Cropped line image
S02,1,data/2_Y_15.jpg,15,Cropped line image
S02,0,data/2_D_16.jpg,16,Cropped line image
S02,1,data/2_Y_16.jpg,16,Cropped line image
S02,0,data/2_D_17.jpg,17,Cropped line image
S02,1,data/2_Y_17.jpg,17,Cropped line image
S02,0,data/2_D_18.jpg,18,Cropped line image
S02,1,data/2_Y_18.jpg,18,Cropped line image
S02,0,data/2_D_19.jpg,19,Cropped line image
S02,1,data/2_Y_19.jpg,19,Cropped line image
S02,0,data/2_D_20.jpg,20,Cropped line image
S02,1,data/2_Y_20.jpg,20,Cropped line image
S02,0,data/2_D_21.jpg,21,Cropped line image
S02,1,data/2_Y_21.jpg,21,Cropped line image
S02,0,data/2_D_22.jpg,22,Cropped line image
S02,1,data/2_Y_22.jpg,22,Cropped line image
S02,0,data/2_D_23.jpg,23,Cropped line image
S02,1,data/2_Y_23.jpg,23,Cropped line image
S02,0,data/2_D_24.jpg,24,Cropped line image
S02,1,data/2_Y_24.jpg,24,Cropped line image
S02,0,data/2_D_25.jpg,25,Cropped line image
S02,1,data/2_Y_25.jpg,25,Cropped line image
S02,0,data/2_D_26.jpg,26,Cropped line image
S02,1,data/2_Y_26.jpg,26,Cropped line image
S02,0,data/2_D_27.jpg,27,Cropped line image
S02,1,data/2_Y_27.jpg,27,Cropped line image
S02,0,data/2_D_28.jpg,28,Cropped line image
S02,1,data/2_Y_28.jpg,28,Cropped line image
S02,0,data/2_D_29.jpg,29,Cropped line image
S02,1,data/2_Y_29.jpg,29,Cropped line image
S02,0,data/2_D_30.jpg,30,Cropped line image
S02,1,data/2_Y_30.jpg,30,Cropped line image
S02,0,data/2_D_31.jpg,31,Cropped line image
S02,1,data/2_Y_31.jpg,31,Cropped line image
S02,0,data/2_D_32.jpg,32,Cropped line image
S02,1,data/2_Y_32.jpg,32,Cropped line image
S02,0,data/2_D_33.jpg,33,Cropped line image
S02,1,data/2_Y_33.jpg,33,Cropped line image
S02,0,data/2_D_34.jpg,34,Cropped line image
S02,1,data/2_Y_34.jpg,34,Cropped line image
S02,0,data/2_D_35.jpg,35,Cropped line image
S02,1,data/2_Y_35.jpg,35,Cropped line image
S02,0,data/2_D_36.jpg,36,Cropped line image
S02,1,data/2_Y_36.jpg,36,Cropped line image
S02,0,data/2_D_37.jpg,37,Cropped line image
S02,1,data/2_Y_37.jpg,37,Cropped line image
S02,0,data/2_D_38.jpg,38,Cropped line image
S02,1,data/2_Y_38.jpg,38,Cropped line image
S02,0,data/2_D_39.jpg,39,Cropped line image
S02,1,data/2_Y_39.jpg,39,Cropped line image
S02,0,data/2_D_40.jpg,40,Cropped line image
S02,1,data/2_Y_40.jpg,40,Cropped line image
S02,0,data/2_D_41.jpg,41,Cropped line image
S02,1,data/2_Y_41.jpg,41,Cropped line image
S02,0,data/2_D_42.jpg,42,Cropped line image
S02,1,data/2_Y_42.jpg,42,Cropped line image
S02,0,data/2_D_43.jpg,43,Cropped line image
S02,1,data/2_Y_43.jpg,43,Cropped line image
S02,0,data/2_D_44.jpg,44,Cropped line image
S02,1,data/2_Y_44.jpg,44,Cropped line image
S02,0,data/2_D_45.jpg,45,Cropped line image
S02,1,data/2_Y_45.jpg,45,Cropped line image
S02,0,data/2_D_46.jpg,46,Cropped line image
S02,1,data/2_Y_46.jpg,46,Cropped line image
S02,0,data/2_D_47.jpg,47,Cropped line image
S02,1,data/2_Y_47.jpg,47,Cropped line image
S02,0,data/2_D_48.jpg,48,Cropped line image
S02,1,data/2_Y_48.jpg,48,Cropped line image
S02,0,data/2_D_49.jpg,49,Cropped line image
S02,1,data/2_Y_49.jpg,49,Cropped line image
S03,0,data/3_D_0.jpg,0,Cropped line image
S03,1,data/3_Y_0.jpg,0,Cropped line image
S03,0,data/3_D_1.jpg,1,Cropped line image
S03,1,data/3_Y_1.jpg,1,Cropped line image
S03,0,data/3_D_2.jpg,2,Cropped line image
S03,1,data/3_Y_2.jpg,2,Cropped line image
S03,0,data/3_D_3.jpg,3,Cropped line image
S03,1,data/3_Y_3.jpg,3,Cropped line image
S03,0,data/3_D_4.jpg,4,Cropped line image
S03,1,data/3_Y_4.jpg,4,Cropped line image
S03,0,data/3_D_5.jpg,5,Cropped line image
S03,1,data/3_Y_5.jpg,5,Cropped line image
S03,0,data/3_D_6.jpg,6,Cropped line image
S03,1,data/3_Y_6.jpg,6,Cropped line image
S03,0,data/3_D_7.jpg,7,Cropped line image
S03,1,data/3_Y_7.jpg,7,Cropped line image
S03,0,data/3_D_8.jpg,8,Cropped line image
S03,1,data/3_Y_8.jpg,8,Cropped line image
S03,0,data/3_D_9.jpg,9,Cropped line image
S03,1,data/3_Y_9.jpg,9,Cropped line image
S03,0,data/3_D_10.jpg,10,Cropped line image
S03,1,data/3_Y_10.jpg,10,Cropped line image
S03,0,data/3_D_11.jpg,11,Cropped line image
S03,1,data/3_Y_11.jpg,11,Cropped line image
S03,0,data/3_D_12.jpg,12,Cropped line image
S03,1,data/3_Y_12.jpg,12,Cropped line image
S03,0,data/3_D_13.jpg,13,Cropped line image
S03,1,data/3_Y_13.jpg,13,Cropped line image
S03,0,data/3_D_14.jpg,14,Cropped line image
S03,1,data/3_Y_14.jpg,14,Cropped line image
S03,0,data/3_D_15.jpg,15,Cropped line image
S03,1,data/3_Y_15.jpg,15,Cropped line image
S03,0,data/3_D_16.jpg,16,Cropped line image
S03,1,data/3_Y_16.jpg,16,Cropped line image
S03,0,data/3_D_17.jpg,17,Cropped line image
S03,1,data/3_Y_17.jpg,17,Cropped line image
S03,0,data/3_D_18.jpg,18,Cropped line image
S03,1,data/3_Y_18.jpg,18,Cropped line image
S03,0,data/3_D_19.jpg,19,Cropped line image
S03,1,data/3_Y_19.jpg,19,Cropped line image
S03,0,data/3_D_20.jpg,20,Cropped line image
S03,1,data/3_Y_20.jpg,20,Cropped line image
S03,0,data/3_D_21.jpg,21,Cropped line image
S03,1,data/3_Y_21.jpg,21,Cropped line image
S03,0,data/3_D_22.jpg,22,Cropped line image
S03,1,data/3_Y_22.jpg,22,Cropped line image
S03,0,data/3_D_23.jpg,23,Cropped line image
S03,1,data/3_Y_23.jpg,23,Cropped line image
S03,0,data/3_D_24.jpg,24,Cropped line image
S03,1,data/3_Y_24.jpg,24,Cropped line image
S03,0,data/3_D_25.jpg,25,Cropped line image
S03,1,data/3_Y_25.jpg,25,Cropped line image
S03,0,data/3_D_26.jpg,26,Cropped line image
S03,1,data/3_Y_26.jpg,26,Cropped line image
S03,0,data/3_D_27.jpg,27,Cropped line image
S03,1,data/3_Y_27.jpg,27,Cropped line image
S03,0,data/3_D_28.jpg,28,Cropped line image
S03,1,data/3_Y_28.jpg,28,Cropped line image
S03,0,data/3_D_29.jpg,29,Cropped line image
S03,1,data/3_Y_29.jpg,29,Cropped line image
S03,0,data/3_D_30.jpg,30,Cropped line image
S03,1,data/3_Y_30.jpg,30,Cropped line image
S03,0,data/3_D_31.jpg,31,Cropped line image
S03,1,data/3_Y_31.jpg,31,Cropped line image
S03,0,data/3_D_32.jpg,32,Cropped line image
S03,1,data/3_Y_32.jpg,32,Cropped line image
S03,0,data/3_D_33.jpg,33,Cropped line image
S03,1,data/3_Y_33.jpg,33,Cropped line image
S03,0,data/3_D_34.jpg,34,Cropped line image
S03,1,data/3_Y_34.jpg,34,Cropped line image
S03,0,data/3_D_35.jpg,35,Cropped line image
S03,1,data/3_Y_35.jpg,35,Cropped line image
S03,0,data/3_D_36.jpg,36,Cropped line image
S03,1,data/3_Y_36.jpg,36,Cropped line image
S03,0,data/3_D_37.jpg,37,Cropped line image
S03,1,data/3_Y_37.jpg,37,Cropped line image
S03,0,data/3_D_38.jpg,38,Cropped line image
S03,1,data/3_Y_38.jpg,38,Cropped line image
S03,0,data/3_D_39.jpg,39,Cropped line image
S03,1,data/3_Y_39.jpg,39,Cropped line image
S03,0,data/3_D_40.jpg,40,Cropped line image
S03,1,data/3_Y_40.jpg,40,Cropped line image
S03,0,data/3_D_41.jpg,41,Cropped line image
S03,1,data/3_Y_41.jpg,41,Cropped line image
S03,0,data/3_D_42.jpg,42,Cropped line image
S03,1,data/3_Y_42.jpg,42,Cropped line image
S03,0,data/3_D_43.jpg,43,Cropped line image
S03,1,data/3_Y_43.jpg,43,Cropped line image
S03,0,data/3_D_44.jpg,44,Cropped line image
S03,1,data/3_Y_44.jpg,44,Cropped line image
S03,0,data/3_D_45.jpg,45,Cropped line image
S03,1,data/3_Y_45.jpg,45,Cropped line image
S03,0,data/3_D_46.jpg,46,Cropped line image
S03,1,data/3_Y_46.jpg,46,Cropped line image
S03,0,data/3_D_47.jpg,47,Cropped line image
S03,1,data/3_Y_47.jpg,47,Cropped line image
S03,0,data/3_D_48.jpg,48,Cropped line image
S03,1,data/3_Y_48.jpg,48,Cropped line image
S03,0,data/3_D_49.jpg,49,Cropped line image
S03,1,data/3_Y_49.jpg,49,Cropped line image
S04,0,data/4_D_0.jpg,0,Cropped line image
S04,1,data/4_Y_0.jpg,0,Cropped line image
S04,0,data/4_D_1.jpg,1,Cropped line image
S04,1,data/4_Y_1.jpg,1,Cropped line image
S04,0,data/4_D_2.jpg,2,Cropped line image
S04,1,data/4_Y_2.jpg,2,Cropped line image
S04,0,data/4_D_3.jpg,3,Cropped line image
S04,1,data/4_Y_3.jpg,3,Cropped line image
S04,0,data/4_D_4.jpg,4,Cropped line image
S04,1,data/4_Y_4.jpg,4,Cropped line image
S04,0,data/4_D_5.jpg,5,Cropped line image
S04,1,data/4_Y_5.jpg,5,Cropped line image
S04,0,data/4_D_6.jpg,6,Cropped line image
S04,1,data/4_Y_6.jpg,6,Cropped line image
S04,0,data/4_D_7.jpg,7,Cropped line image
S04,1,data/4_Y_7.jpg,7,Cropped line image
S04,0,data/4_D_8.jpg,8,Cropped line image
S04,1,data/4_Y_8.jpg,8,Cropped line image
S04,0,data/4_D_9.jpg,9,Cropped line image
S04,1,data/4_Y_9.jpg,9,Cropped line image
S04,0,data/4_D_10.jpg,10,Cropped line image
S04,1,data/4_Y_10.jpg,10,Cropped line image
S04,0,data/4_D_11.jpg,11,Cropped line image
S04,1,data/4_Y_11.jpg,11,Cropped line image
S04,0,data/4_D_12.jpg,12,Cropped line image
S04,1,data/4_Y_12.jpg,12,Cropped line image
S04,0,data/4_D_13.jpg,13,Cropped line image
S04,1,data/4_Y_13.jpg,13,Cropped line image
S04,0,data/4_D_14.jpg,14,Cropped line image
S04,1,data/4_Y_14.jpg,14,Cropped line image
S04,0,data/4_D_15.jpg,15,Cropped line image
S04,0,data/4_D_16.jpg,16,Cropped line image
S04,1,data/4_Y_16.jpg,16,Cropped line image
S04,0,data/4_D_17.jpg,17,Cropped line image
S04,1,data/4_Y_17.jpg,17,Cropped line image
S04,0,data/4_D_18.jpg,18,Cropped line image
S04,1,data/4_Y_18.jpg,18,Cropped line image
S04,0,data/4_D_19.jpg,19,Cropped line image
S04,1,data/4_Y_19.jpg,19,Cropped line image
S04,0,data/4_D_20.jpg,20,Cropped line image
S04,1,data/4_Y_20.jpg,20,Cropped line image
S04,0,data/4_D_21.jpg,21,Cropped line image
S04,1,data/4_Y_21.jpg,21,Cropped line image
S04,0,data/4_D_22.jpg,22,Cropped line image
S04,1,data/4_Y_22.jpg,22,Cropped line image
S04,0,data/4_D_23.jpg,23,Cropped line image
S04,1,data/4_Y_23.jpg,23,Cropped line image
S04,0,data/4_D_24.jpg,24,Cropped line image
S04,1,data/4_Y_24.jpg,24,Cropped line image
S04,0,data/4_D_25.jpg,25,Cropped line image
S04,1,data/4_Y_25.jpg,25,Cropped line image
S04,0,data/4_D_26.jpg,26,Cropped line image
S04,1,data/4_Y_26.jpg,26,Cropped line image
S04,0,data/4_D_27.jpg,27,Cropped line image
S04,1,data/4_Y_27.jpg,27,Cropped line image
S04,0,data/4_D_28.jpg,28,Cropped line image
S04,1,data/4_Y_28.jpg,28,Cropped line image
S04,0,data/4_D_29.jpg,29,Cropped line image
S04,1,data/4_Y_29.jpg,29,Cropped line image
S04,0,data/4_D_30.jpg,30,Cropped line image
S04,1,data/4_Y_30.jpg,30,Cropped line image
S04,0,data/4_D_31.jpg,31,Cropped line image
S04,1,data/4_Y_31.jpg,31,Cropped line image
S04,0,data/4_D_32.jpg,32,Cropped line image
S04,1,data/4_Y_32.jpg,32,Cropped line image
S04,0,data/4_D_33.jpg,33,Cropped line image
S04,1,data/4_Y_33.jpg,33,Cropped line image
S04,0,data/4_D_34.jpg,34,Cropped line image
S04,1,data/4_Y_34.jpg,34,Cropped line image
S04,0,data/4_D_35.jpg,35,Cropped line image
S04,1,data/4_Y_35.jpg,35,Cropped line image
S04,0,data/4_D_36.jpg,36,Cropped line image
S04,1,data/4_Y_36.jpg,36,Cropped line image
S04,0,data/4_D_37.jpg,37,Cropped line image
S04,1,data/4_Y_37.jpg,37,Cropped line image
S04,0,data/4_D_38.jpg,38,Cropped line image
S04,1,data/4_Y_38.jpg,38,Cropped line image
S04,0,data/4_D_39.jpg,39,Cropped line image
S04,1,data/4_Y_39.jpg,39,Cropped line image
S04,0,data/4_D_40.jpg,40,Cropped line image
S04,1,data/4_Y_40.jpg,40,Cropped line image
S04,0,data/4_D_41.jpg,41,Cropped line image
S04,1,data/4_Y_41.jpg,41,Cropped line image
S04,0,data/4_D_42.jpg,42,Cropped line image
S04,1,data/4_Y_42.jpg,42,Cropped line image
S04,0,data/4_D_43.jpg,43,Cropped line image
S04,1,data/4_Y_43.jpg,43,Cropped line image
S04,0,data/4_D_44.jpg,44,Cropped line image
S04,1,data/4_Y_44.jpg,44,Cropped line image
S04,0,data/4_D_45.jpg,45,Cropped line image
S04,1,data/4_Y_45.jpg,45,Cropped line image
S04,0,data/4_D_46.jpg,46,Cropped line image
S04,1,data/4_Y_46.jpg,46,Cropped line image
S04,0,data/4_D_47.jpg,47,Cropped line image
S04,1,data/4_Y_47.jpg,47,Cropped line image
S04,0,data/4_D_48.jpg,48,Cropped line image
S04,1,data/4_Y_48.jpg,48,Cropped line image
S04,0,data/4_D_49.jpg,49,Cropped line image
S04,1,data/4_Y_49.jpg,49,Cropped line image
S04,1,data/4_Y_50.jpg,50,Cropped line image
S05,0,data/5_D_0.jpg,0,Cropped line image
S05,1,data/5_Y_0.jpg,0,Cropped line image
S05,0,data/5_D_1.jpg,1,Cropped line image
S05,1,data/5_Y_1.jpg,1,Cropped line image
S05,0,data/5_D_2.jpg,2,Cropped line image
S05,1,data/5_Y_2.jpg,2,Cropped line image
S05,0,data/5_D_3.jpg,3,Cropped line image
S05,1,data/5_Y_3.jpg,3,Cropped line image
S05,0,data/5_D_4.jpg,4,Cropped line image
S05,1,data/5_Y_4.jpg,4,Cropped line image
S05,0,data/5_D_5.jpg,5,Cropped line image
S05,1,data/5_Y_5.jpg,5,Cropped line image
S05,0,data/5_D_6.jpg,6,Cropped line image
S05,0,data/5_D_7.jpg,7,Cropped line image
S05,1,data/5_Y_7.jpg,7,Cropped line image
S05,0,data/5_D_8.jpg,8,Cropped line image
S05,1,data/5_Y_8.jpg,8,Cropped line image
S05,0,data/5_D_9.jpg,9,Cropped line image
S05,1,data/5_Y_9.jpg,9,Cropped line image
S05,0,data/5_D_10.jpg,10,Cropped line image
S05,1,data/5_Y_10.jpg,10,Cropped line image
S05,0,data/5_D_11.jpg,11,Cropped line image
S05,1,data/5_Y_11.jpg,11,Cropped line image
S05,0,data/5_D_12.jpg,12,Cropped line image
S05,1,data/5_Y_12.jpg,12,Cropped line image
S05,0,data/5_D_13.jpg,13,Cropped line image
S05,1,data/5_Y_13.jpg,13,Cropped line image
S05,0,data/5_D_14.jpg,14,Cropped line image
S05,1,data/5_Y_14.jpg,14,Cropped line image
S05,0,data/5_D_15.jpg,15,Cropped line image
S05,1,data/5_Y_15.jpg,15,Cropped line image
S05,0,data/5_D_16.jpg,16,Cropped line image
S05,1,data/5_Y_16.jpg,16,Cropped line image
S05,0,data/5_D_17.jpg,17,Cropped line image
S05,1,data/5_Y_17.jpg,17,Cropped line image
S05,0,data/5_D_18.jpg,18,Cropped line image
S05,1,data/5_Y_18.jpg,18,Cropped line image
S05,0,data/5_D_19.jpg,19,Cropped line image
S05,1,data/5_Y_19.jpg,19,Cropped line image
S05,0,data/5_D_20.jpg,20,Cropped line image
S05,1,data/5_Y_20.jpg,20,Cropped line image
S05,0,data/5_D_21.jpg,21,Cropped line image
S05,1,data/5_Y_21.jpg,21,Cropped line image
S05,0,data/5_D_22.jpg,22,Cropped line image
S05,1,data/5_Y_22.jpg,22,Cropped line image
S05,0,data/5_D_23.jpg,23,Cropped line image
S05,1,data/5_Y_23.jpg,23,Cropped line image
S05,0,data/5_D_24.jpg,24,Cropped line image
S05,1,data/5_Y_24.jpg,24,Cropped line image
S05,0,data/5_D_25.jpg,25,Cropped line image
S05,1,data/5_Y_25.jpg,25,Cropped line image
S05,0,data/5_D_26.jpg,26,Cropped line image
S05,1,data/5_Y_26.jpg,26,Cropped line image
S05,0,data/5_D_27.jpg,27,Cropped line image
S05,1,data/5_Y_27.jpg,27,Cropped line image
S05,0,data/5_D_28.jpg,28,Cropped line image
S05,1,data/5_Y_28.jpg,28,Cropped line image
S05,0,data/5_D_29.jpg,29,Cropped line image
S05,1,data/5_Y_29.jpg,29,Cropped line image
S05,0,data/5_D_30.jpg,30,Cropped line image
S05,1,data/5_Y_30.jpg,30,Cropped line image
S05,0,data/5_D_31.jpg,31,Cropped line image
S05,1,data/5_Y_31.jpg,31,Cropped line image
S05,0,data/5_D_32.jpg,32,Cropped line image
S05,1,data/5_Y_32.jpg,32,Cropped line image
S05,0,data/5_D_33.jpg,33,Cropped line image
S05,1,data/5_Y_33.jpg,33,Cropped line image
S05,0,data/5_D_34.jpg,34,Cropped line image
S05,1,data/5_Y_34.jpg,34,Cropped line image
S05,0,data/5_D_35.jpg,35,Cropped line image
S05,1,data/5_Y_35.jpg,35,Cropped line image
S05,0,data/5_D_36.jpg,36,Cropped line image
S05,1,data/5_Y_36.jpg,36,Cropped line image
S05,0,data/5_D_37.jpg,37,Cropped line image
S05,1,data/5_Y_37.jpg,37,Cropped line image
S05,0,data/5_D_38.jpg,38,Cropped line image
S05,1,data/5_Y_38.jpg,38,Cropped line image
S05,0,data/5_D_39.jpg,39,Cropped line image
S05,1,data/5_Y_39.jpg,39,Cropped line image
S05,0,data/5_D_40.jpg,40,Cropped line image
S05,1,data/5_Y_40.jpg,40,Cropped line image
S05,0,data/5_D_41.jpg,41,Cropped line image
S05,1,data/5_Y_41.jpg,41,Cropped line image
S05,0,data/5_D_42.jpg,42,Cropped line image
S05,1,data/5_Y_42.jpg,42,Cropped line image
S05,0,data/5_D_43.jpg,43,Cropped line image
S05,1,data/5_Y_43.jpg,43,Cropped line image
S05,0,data/5_D_44.jpg,44,Cropped line image
S05,1,data/5_Y_44.jpg,44,Cropped line image
S05,0,data/5_D_45.jpg,45,Cropped line image
S05,1,data/5_Y_45.jpg,45,Cropped line image
S05,0,data/5_D_46.jpg,46,Cropped line image
S05,1,data/5_Y_46.jpg,46,Cropped line image
S05,0,data/5_D_47.jpg,47,Cropped line image
S05,1,data/5_Y_47.jpg,47,Cropped line image
S05,0,data/5_D_48.jpg,48,Cropped line image
S05,1,data/5_Y_48.jpg,48,Cropped line image
S05,0,data/5_D_49.jpg,49,Cropped line image
S05,1,data/5_Y_49.jpg,49,Cropped line image
S05,1,data/5_Y_50.jpg,50,Cropped line image
S06,0,data/6_D_0.jpg,0,Cropped line image
S06,1,data/6_Y_0.jpg,0,Cropped line image
S06,0,data/6_D_1.jpg,1,Cropped line image
S06,1,data/6_Y_1.jpg,1,Cropped line image
S06,0,data/6_D_2.jpg,2,Cropped line image
S06,1,data/6_Y_2.jpg,2,Cropped line image
S06,0,data/6_D_3.jpg,3,Cropped line image
S06,1,data/6_Y_3.jpg,3,Cropped line image
S06,0,data/6_D_4.jpg,4,Cropped line image
S06,1,data/6_Y_4.jpg,4,Cropped line image
S06,0,data/6_D_5.jpg,5,Cropped line image
S06,1,data/6_Y_5.jpg,5,Cropped line image
S06,0,data/6_D_6.jpg,6,Cropped line image
S06,1,data/6_Y_6.jpg,6,Cropped line image
S06,0,data/6_D_7.jpg,7,Cropped line image
S06,1,data/6_Y_7.jpg,7,Cropped line image
S06,0,data/6_D_8.jpg,8,Cropped line image
S06,1,data/6_Y_8.jpg,8,Cropped line image
S06,0,data/6_D_9.jpg,9,Cropped line image
S06,1,data/6_Y_9.jpg,9,Cropped line image
S06,0,data/6_D_10.jpg,10,Cropped line image
S06,1,data/6_Y_10.jpg,10,Cropped line image
S06,0,data/6_D_11.jpg,11,Cropped line image
S06,1,data/6_Y_11.jpg,11,Cropped line image
S06,0,data/6_D_12.jpg,12,Cropped line image
S06,1,data/6_Y_12.jpg,12,Cropped line image
S06,0,data/6_D_13.jpg,13,Cropped line image
S06,1,data/6_Y_13.jpg,13,Cropped line image
S06,0,data/6_D_14.jpg,14,Cropped line image
S06,1,data/6_Y_14.jpg,14,Cropped line image
S06,0,data/6_D_15.jpg,15,Cropped line image
S06,1,data/6_Y_15.jpg,15,Cropped line image
S06,0,data/6_D_16.jpg,16,Cropped line image
S06,1,data/6_Y_16.jpg,16,Cropped line image
S06,0,data/6_D_17.jpg,17,Cropped line image
S06,1,data/6_Y_17.jpg,17,Cropped line image
S06,0,data/6_D_18.jpg,18,Cropped line image
S06,1,data/6_Y_18.jpg,18,Cropped line image
S06,0,data/6_D_19.jpg,19,Cropped line image
S06,1,data/6_Y_19.jpg,19,Cropped line image
S06,0,data/6_D_20.jpg,20,Cropped line image
S06,1,data/6_Y_20.jpg,20,Cropped line image
S06,0,data/6_D_21.jpg,21,Cropped line image
S06,1,data/6_Y_21.jpg,21,Cropped line image
S06,0,data/6_D_22.jpg,22,Cropped line image
S06,1,data/6_Y_22.jpg,22,Cropped line image
S06,0,data/6_D_23.jpg,23,Cropped line image
S06,1,data/6_Y_23.jpg,23,Cropped line image
S06,0,data/6_D_24.jpg,24,Cropped line image
S06,1,data/6_Y_24.jpg,24,Cropped line image
S06,0,data/6_D_25.jpg,25,Cropped line image
S06,1,data/6_Y_25.jpg,25,Cropped line image
S06,0,data/6_D_26.jpg,26,Cropped line image
S06,1,data/6_Y_26.jpg,26,Cropped line image
S06,0,data/6_D_27.jpg,27,Cropped line image
S06,1,data/6_Y_27.jpg,27,Cropped line image
S06,0,data/6_D_28.jpg,28,Cropped line image
S06,1,data/6_Y_28.jpg,28,Cropped line image
S06,0,data/6_D_29.jpg,29,Cropped line image
S06,1,data/6_Y_29.jpg,29,Cropped line image
S06,0,data/6_D_30.jpg,30,Cropped line image
S06,1,data/6_Y_30.jpg,30,Cropped line image
S06,0,data/6_D_31.jpg,31,Cropped line image
S06,1,data/6_Y_31.jpg,31,Cropped line image
S06,0,data/6_D_32.jpg,32,Cropped line image
S06,1,data/6_Y_32.jpg,32,Cropped line image
S06,0,data/6_D_33.jpg,33,Cropped line image
S06,1,data/6_Y_33.jpg,33,Cropped line image
S06,0,data/6_D_34.jpg,34,Cropped line image
S06,1,data/6_Y_34.jpg,34,Cropped line image
S06,0,data/6_D_35.jpg,35,Cropped line image
S06,1,data/6_Y_35.jpg,35,Cropped line image
S06,0,data/6_D_36.jpg,36,Cropped line image
S06,1,data/6_Y_36.jpg,36,Cropped line image
S06,0,data/6_D_37.jpg,37,Cropped line image
S06,1,data/6_Y_37.jpg,37,Cropped line image
S06,0,data/6_D_38.jpg,38,Cropped line image
S06,1,data/6_Y_38.jpg,38,Cropped line image
S06,0,data/6_D_39.jpg,39,Cropped line image
S06,1,data/6_Y_39.jpg,39,Cropped line image
S06,0,data/6_D_40.jpg,40,Cropped line image
S06,1,data/6_Y_40.jpg,40,Cropped line image
S06,0,data/6_D_41.jpg,41,Cropped line image
S06,1,data/6_Y_41.jpg,41,Cropped line image
S06,0,data/6_D_42.jpg,42,Cropped line image
S06,1,data/6_Y_42.jpg,42,Cropped line image
S06,0,data/6_D_43.jpg,43,Cropped line image
S06,1,data/6_Y_43.jpg,43,Cropped line image
S06,0,data/6_D_44.jpg,44,Cropped line image
S06,1,data/6_Y_44.jpg,44,Cropped line image
S06,0,data/6_D_45.jpg,45,Cropped line image
S06,1,data/6_Y_45.jpg,45,Cropped line image
S06,0,data/6_D_46.jpg,46,Cropped line image
S06,1,data/6_Y_46.jpg,46,Cropped line image
S06,0,data/6_D_47.jpg,47,Cropped line image
S06,1,data/6_Y_47.jpg,47,Cropped line image
S06,0,data/6_D_48.jpg,48,Cropped line image
S06,1,data/6_Y_48.jpg,48,Cropped line image
S06,0,data/6_D_49.jpg,49,Cropped line image
S06,1,data/6_Y_49.jpg,49,Cropped line image
S07,0,data/7_D_0.jpg,0,Cropped line image
S07,1,data/7_Y_0.jpg,0,Cropped line image
S07,0,data/7_D_1.jpg,1,Cropped line image
S07,1,data/7_Y_1.jpg,1,Cropped line image
S07,0,data/7_D_2.jpg,2,Cropped line image
S07,1,data/7_Y_2.jpg,2,Cropped line image
S07,0,data/7_D_3.jpg,3,Cropped line image
S07,1,data/7_Y_3.jpg,3,Cropped line image
S07,0,data/7_D_4.jpg,4,Cropped line image
S07,1,data/7_Y_4.jpg,4,Cropped line image
S07,0,data/7_D_5.jpg,5,Cropped line image
S07,1,data/7_Y_5.jpg,5,Cropped line image
S07,0,data/7_D_6.jpg,6,Cropped line image
S07,1,data/7_Y_6.jpg,6,Cropped line image
S07,0,data/7_D_7.jpg,7,Cropped line image
S07,1,data/7_Y_7.jpg,7,Cropped line image
S07,0,data/7_D_8.jpg,8,Cropped line image
S07,1,data/7_Y_8.jpg,8,Cropped line image
S07,0,data/7_D_9.jpg,9,Cropped line image
S07,1,data/7_Y_9.jpg,9,Cropped line image
S07,0,data/7_D_10.jpg,10,Cropped line image
S07,1,data/7_Y_10.jpg,10,Cropped line image
S07,0,data/7_D_11.jpg,11,Cropped line image
S07,1,data/7_Y_11.jpg,11,Cropped line image
S07,0,data/7_D_12.jpg,12,Cropped line image
S07,1,data/7_Y_12.jpg,12,Cropped line image
S07,0,data/7_D_13.jpg,13,Cropped line image
S07,1,data/7_Y_13.jpg,13,Cropped line image
S07,0,data/7_D_14.jpg,14,Cropped line image
S07,1,data/7_Y_14.jpg,14,Cropped line image
S07,0,data/7_D_15.jpg,15,Cropped line image
S07,1,data/7_Y_15.jpg,15,Cropped line image
S07,0,data/7_D_16.jpg,16,Cropped line image
S07,1,data/7_Y_16.jpg,16,Cropped line image
S07,0,data/7_D_17.jpg,17,Cropped line image
S07,1,data/7_Y_17.jpg,17,Cropped line image
S07,0,data/7_D_18.jpg,18,Cropped line image
S07,1,data/7_Y_18.jpg,18,Cropped line image
S07,0,data/7_D_19.jpg,19,Cropped line image
S07,1,data/7_Y_19.jpg,19,Cropped line image
S07,0,data/7_D_20.jpg,20,Cropped line image
S07,1,data/7_Y_20.jpg,20,Cropped line image
S07,0,data/7_D_21.jpg,21,Cropped line image
S07,1,data/7_Y_21.jpg,21,Cropped line image
S07,0,data/7_D_22.jpg,22,Cropped line image
S07,1,data/7_Y_22.jpg,22,Cropped line image
S07,0,data/7_D_23.jpg,23,Cropped line image
S07,1,data/7_Y_23.jpg,23,Cropped line image
S07,0,data/7_D_24.jpg,24,Cropped line image
S07,1,data/7_Y_24.jpg,24,Cropped line image
S07,0,data/7_D_25.jpg,25,Cropped line image
S07,1,data/7_Y_25.jpg,25,Cropped line image
S07,0,data/7_D_26.jpg,26,Cropped line image
S07,1,data/7_Y_26.jpg,26,Cropped line image
S07,0,data/7_D_27.jpg,27,Cropped line image
S07,1,data/7_Y_27.jpg,27,Cropped line image
S07,0,data/7_D_28.jpg,28,Cropped line image
S07,1,data/7_Y_28.jpg,28,Cropped line image
S07,0,data/7_D_29.jpg,29,Cropped line image
S07,1,data/7_Y_29.jpg,29,Cropped line image
S07,0,data/7_D_30.jpg,30,Cropped line image
S07,1,data/7_Y_30.jpg,30,Cropped line image
S07,0,data/7_D_31.jpg,31,Cropped line image
S07,1,data/7_Y_31.jpg,31,Cropped line image
S07,0,data/7_D_32.jpg,32,Cropped line image
S07,1,data/7_Y_32.jpg,32,Cropped line image
S07,0,data/7_D_33.jpg,33,Cropped line image
S07,1,data/7_Y_33.jpg,33,Cropped line image
S07,0,data/7_D_34.jpg,34,Cropped line image
S07,0,data/7_D_35.jpg,35,Cropped line image
S07,1,data/7_Y_35.jpg,35,Cropped line image
S07,0,data/7_D_36.jpg,36,Cropped line image
S07,1,data/7_Y_36.jpg,36,Cropped line image
S07,0,data/7_D_37.jpg,37,Cropped line image
S07,1,data/7_Y_37.jpg,37,Cropped line image
S07,0,data/7_D_38.jpg,38,Cropped line image
S07,1,data/7_Y_38.jpg,38,Cropped line image
S07,0,data/7_D_39.jpg,39,Cropped line image
S07,1,data/7_Y_39.jpg,39,Cropped line image
S07,0,data/7_D_40.jpg,40,Cropped line image
S07,1,data/7_Y_40.jpg,40,Cropped line image
S07,0,data/7_D_41.jpg,41,Cropped line image
S07,1,data/7_Y_41.jpg,41,Cropped line image
S07,0,data/7_D_42.jpg,42,Cropped line image
S07,1,data/7_Y_42.jpg,42,Cropped line image
S07,0,data/7_D_43.jpg,43,Cropped line image
S07,1,data/7_Y_43.jpg,43,Cropped line image
S07,0,data/7_D_44.jpg,44,Cropped line image
S07,1,data/7_Y_44.jpg,44,Cropped line image
S07,0,data/7_D_45.jpg,45,Cropped line image
S07,1,data/7_Y_45.jpg,45,Cropped line image
S07,0,data/7_D_46.jpg,46,Cropped line image
S07,1,data/7_Y_46.jpg,46,Cropped line image
S07,0,data/7_D_47.jpg,47,Cropped line image
S07,1,data/7_Y_47.jpg,47,Cropped line image
S07,0,data/7_D_48.jpg,48,Cropped line image
S07,1,data/7_Y_48.jpg,48,Cropped line image
S07,0,data/7_D_49.jpg,49,Cropped line image
S07,1,data/7_Y_49.jpg,49,Cropped line image
S07,1,data/7_Y_50.jpg,50,Cropped line image
S08,0,data/8_D_0.jpg,0,Cropped line image
S08,1,data/8_Y_0.jpg,0,Cropped line image
S08,0,data/8_D_1.jpg,1,Cropped line image
S08,1,data/8_Y_1.jpg,1,Cropped line image
S08,0,data/8_D_2.jpg,2,Cropped line image
S08,1,data/8_Y_2.jpg,2,Cropped line image
S08,0,data/8_D_3.jpg,3,Cropped line image
S08,1,data/8_Y_3.jpg,3,Cropped line image
S08,0,data/8_D_4.jpg,4,Cropped line image
S08,1,data/8_Y_4.jpg,4,Cropped line image
S08,0,data/8_D_5.jpg,5,Cropped line image
S08,1,data/8_Y_5.jpg,5,Cropped line image
S08,0,data/8_D_6.jpg,6,Cropped line image
S08,1,data/8_Y_6.jpg,6,Cropped line image
S08,0,data/8_D_7.jpg,7,Cropped line image
S08,1,data/8_Y_7.jpg,7,Cropped line image
S08,0,data/8_D_8.jpg,8,Cropped line image
S08,1,data/8_Y_8.jpg,8,Cropped line image
S08,0,data/8_D_9.jpg,9,Cropped line image
S08,1,data/8_Y_9.jpg,9,Cropped line image
S08,0,data/8_D_10.jpg,10,Cropped line image
S08,1,data/8_Y_10.jpg,10,Cropped line image
S08,0,data/8_D_11.jpg,11,Cropped line image
S08,1,data/8_Y_11.jpg,11,Cropped line image
S08,0,data/8_D_12.jpg,12,Cropped line image
S08,1,data/8_Y_12.jpg,12,Cropped line image
S08,0,data/8_D_13.jpg,13,Cropped line image
S08,1,data/8_Y_13.jpg,13,Cropped line image
S08,0,data/8_D_14.jpg,14,Cropped line image
S08,1,data/8_Y_14.jpg,14,Cropped line image
S08,0,data/8_D_15.jpg,15,Cropped line image
S08,1,data/8_Y_15.jpg,15,Cropped line image
S08,0,data/8_D_16.jpg,16,Cropped line image
S08,1,data/8_Y_16.jpg,16,Cropped line image
S08,0,data/8_D_17.jpg,17,Cropped line image
S08,1,data/8_Y_17.jpg,17,Cropped line image
S08,0,data/8_D_18.jpg,18,Cropped line image
S08,1,data/8_Y_18.jpg,18,Cropped line image
S08,0,data/8_D_19.jpg,19,Cropped line image
S08,1,data/8_Y_19.jpg,19,Cropped line image
S08,0,data/8_D_20.jpg,20,Cropped line image
S08,1,data/8_Y_20.jpg,20,Cropped line image
S08,0,data/8_D_21.jpg,21,Cropped line image
S08,1,data/8_Y_21.jpg,21,Cropped line image
S08,0,data/8_D_22.jpg,22,Cropped line image
S08,1,data/8_Y_22.jpg,22,Cropped line image
S08,0,data/8_D_23.jpg,23,Cropped line image
S08,1,data/8_Y_23.jpg,23,Cropped line image
S08,0,data/8_D_24.jpg,24,Cropped line image
S08,1,data/8_Y_24.jpg,24,Cropped line image
S08,0,data/8_D_25.jpg,25,Cropped line image
S08,1,data/8_Y_25.jpg,25,Cropped line image
S08,0,data/8_D_26.jpg,26,Cropped line image
S08,1,data/8_Y_26.jpg,26,Cropped line image
S08,0,data/8_D_27.jpg,27,Cropped line image
S08,1,data/8_Y_27.jpg,27,Cropped line image
S08,0,data/8_D_28.jpg,28,Cropped line image
S08,1,data/8_Y_28.jpg,28,Cropped line image
S08,0,data/8_D_29.jpg,29,Cropped line image
S08,1,data/8_Y_29.jpg,29,Cropped line image
S08,0,data/8_D_30.jpg,30,Cropped line image
S08,1,data/8_Y_30.jpg,30,Cropped line image
S08,0,data/8_D_31.jpg,31,Cropped line image
S08,1,data/8_Y_31.jpg,31,Cropped line image
S08,0,data/8_D_32.jpg,32,Cropped line image
S08,1,data/8_Y_32.jpg,32,Cropped line image
S08,0,data/8_D_33.jpg,33,Cropped line image
S08,1,data/8_Y_33.jpg,33,Cropped line image
S08,0,data/8_D_34.jpg,34,Cropped line image
S08,1,data/8_Y_34.jpg,34,Cropped line image
S08,0,data/8_D_35.jpg,35,Cropped line image
S08,1,data/8_Y_35.jpg,35,Cropped line image
S08,0,data/8_D_36.jpg,36,Cropped line image
S08,1,data/8_Y_36.jpg,36,Cropped line image
S08,0,data/8_D_37.jpg,37,Cropped line image
S08,1,data/8_Y_37.jpg,37,Cropped line image
S08,0,data/8_D_38.jpg,38,Cropped line image
S08,1,data/8_Y_38.jpg,38,Cropped line image
S08,0,data/8_D_39.jpg,39,Cropped line image
S08,1,data/8_Y_39.jpg,39,Cropped line image
S08,0,data/8_D_40.jpg,40,Cropped line image
S08,1,data/8_Y_40.jpg,40,Cropped line image
S08,0,data/8_D_41.jpg,41,Cropped line image
S08,1,data/8_Y_41.jpg,41,Cropped line image
S08,0,data/8_D_42.jpg,42,Cropped line image
S08,1,data/8_Y_42.jpg,42,Cropped line image
S08,0,data/8_D_43.jpg,43,Cropped line image
S08,1,data/8_Y_43.jpg,43,Cropped line image
S08,0,data/8_D_44.jpg,44,Cropped line image
S08,1,data/8_Y_44.jpg,44,Cropped line image
S08,0,data/8_D_45.jpg,45,Cropped line image
S08,1,data/8_Y_45.jpg,45,Cropped line image
S08,0,data/8_D_46.jpg,46,Cropped line image
S08,1,data/8_Y_46.jpg,46,Cropped line image
S08,0,data/8_D_47.jpg,47,Cropped line image
S08,1,data/8_Y_47.jpg,47,Cropped line image
S08,0,data/8_D_48.jpg,48,Cropped line image
S08,1,data/8_Y_48.jpg,48,Cropped line image
S08,0,data/8_D_49.jpg,49,Cropped line image
S08,1,data/8_Y_49.jpg,49,Cropped line image
S09,0,data/9_D_0.jpg,0,Cropped line image
S09,1,data/9_Y_0.jpg,0,Cropped line image
S09,0,data/9_D_1.jpg,1,Cropped line image
S09,1,data/9_Y_1.jpg,1,Cropped line image
S09,0,data/9_D_2.jpg,2,Cropped line image
S09,1,data/9_Y_2.jpg,2,Cropped line image
S09,0,data/9_D_3.jpg,3,Cropped line image
S09,1,data/9_Y_3.jpg,3,Cropped line image
S09,0,data/9_D_4.jpg,4,Cropped line image
S09,1,data/9_Y_4.jpg,4,Cropped line image
S09,0,data/9_D_5.jpg,5,Cropped line image
S09,1,data/9_Y_5.jpg,5,Cropped line image
S09,0,data/9_D_6.jpg,6,Cropped line image
S09,1,data/9_Y_6.jpg,6,Cropped line image
S09,0,data/9_D_7.jpg,7,Cropped line image
S09,1,data/9_Y_7.jpg,7,Cropped line image
S09,0,data/9_D_8.jpg,8,Cropped line image
S09,1,data/9_Y_8.jpg,8,Cropped line image
S09,0,data/9_D_9.jpg,9,Cropped line image
S09,1,data/9_Y_9.jpg,9,Cropped line image
S09,0,data/9_D_10.jpg,10,Cropped line image
S09,1,data/9_Y_10.jpg,10,Cropped line image
S09,0,data/9_D_11.jpg,11,Cropped line image
S09,1,data/9_Y_11.jpg,11,Cropped line image
S09,0,data/9_D_12.jpg,12,Cropped line image
S09,1,data/9_Y_12.jpg,12,Cropped line image
S09,0,data/9_D_13.jpg,13,Cropped line image
S09,1,data/9_Y_13.jpg,13,Cropped line image
S09,0,data/9_D_14.jpg,14,Cropped line image
S09,1,data/9_Y_14.jpg,14,Cropped line image
S09,0,data/9_D_15.jpg,15,Cropped line image
S09,1,data/9_Y_15.jpg,15,Cropped line image
S09,0,data/9_D_16.jpg,16,Cropped line image
S09,1,data/9_Y_16.jpg,16,Cropped line image
S09,0,data/9_D_17.jpg,17,Cropped line image
S09,1,data/9_Y_17.jpg,17,Cropped line image
S09,0,data/9_D_18.jpg,18,Cropped line image
S09,1,data/9_Y_18.jpg,18,Cropped line image
S09,0,data/9_D_19.jpg,19,Cropped line image
S09,1,data/9_Y_19.jpg,19,Cropped line image
S09,0,data/9_D_20.jpg,20,Cropped line image
S09,1,data/9_Y_20.jpg,20,Cropped line image
S09,0,data/9_D_21.jpg,21,Cropped line image
S09,1,data/9_Y_21.jpg,21,Cropped line image
S09,0,data/9_D_22.jpg,22,Cropped line image
S09,1,data/9_Y_22.jpg,22,Cropped line image
S09,0,data/9_D_23.jpg,23,Cropped line image
S09,1,data/9_Y_23.jpg,23,Cropped line image
S09,0,data/9_D_24.jpg,24,Cropped line image
S09,1,data/9_Y_24.jpg,24,Cropped line image
S09,0,data/9_D_25.jpg,25,Cropped line image
S09,1,data/9_Y_25.jpg,25,Cropped line image
S09,0,data/9_D_26.jpg,26,Cropped line image
S09,1,data/9_Y_26.jpg,26,Cropped line image
S09,0,data/9_D_27.jpg,27,Cropped line image
S09,1,data/9_Y_27.jpg,27,Cropped line image
S09,0,data/9_D_28.jpg,28,Cropped line image
S09,1,data/9_Y_28.jpg,28,Cropped line image
S09,0,data/9_D_29.jpg,29,Cropped line image
S09,1,data/9_Y_29.jpg,29,Cropped line image
S09,0,data/9_D_30.jpg,30,Cropped line image
S09,1,data/9_Y_30.jpg,30,Cropped line image
S09,0,data/9_D_31.jpg,31,Cropped line image
S09,1,data/9_Y_31.jpg,31,Cropped line image
S09,0,data/9_D_32.jpg,32,Cropped line image
S09,1,data/9_Y_32.jpg,32,Cropped line image
S09,0,data/9_D_33.jpg,33,Cropped line image
S09,1,data/9_Y_33.jpg,33,Cropped line image
S09,0,data/9_D_34.jpg,34,Cropped line image
S09,1,data/9_Y_34.jpg,34,Cropped line image
S09,0,data/9_D_35.jpg,35,Cropped line image
S09,1,data/9_Y_35.jpg,35,Cropped line image
S09,0,data/9_D_36.jpg,36,Cropped line image
S09,1,data/9_Y_36.jpg,36,Cropped line image
S09,0,data/9_D_37.jpg,37,Cropped line image
S09,1,data/9_Y_37.jpg,37,Cropped line image
S09,0,data/9_D_38.jpg,38,Cropped line image
S09,1,data/9_Y_38.jpg,38,Cropped line image
S09,0,data/9_D_39.jpg,39,Cropped line image
S09,1,data/9_Y_39.jpg,39,Cropped line image
S09,0,data/9_D_40.jpg,40,Cropped line image
S09,1,data/9_Y_40.jpg,40,Cropped line image
S09,0,data/9_D_41.jpg,41,Cropped line image
S09,1,data/9_Y_41.jpg,41,Cropped line image
S09,0,data/9_D_42.jpg,42,Cropped line image
S09,1,data/9_Y_42.jpg,42,Cropped line image
S09,0,data/9_D_43.jpg,43,Cropped line image
S09,1,data/9_Y_43.jpg,43,Cropped line image
S09,0,data/9_D_44.jpg,44,Cropped line image
S09,1,data/9_Y_44.jpg,44,Cropped line image
S09,0,data/9_D_45.jpg,45,Cropped line image
S09,1,data/9_Y_45.jpg,45,Cropped line image
S09,0,data/9_D_46.jpg,46,Cropped line image
S09,1,data/9_Y_46.jpg,46,Cropped line image
S09,0,data/9_D_47.jpg,47,Cropped line image
S09,1,data/9_Y_47.jpg,47,Cropped line image
S09,0,data/9_D_48.jpg,48,Cropped line image
S09,1,data/9_Y_48.jpg,48,Cropped line image
S09,0,data/9_D_49.jpg,49,Cropped line image
S09,1,data/9_Y_49.jpg,49,Cropped line image
S10,0,data/10_D_0.jpg,0,Cropped line image
S10,1,data/10_Y_0.jpg,0,Cropped line image
S10,0,data/10_D_1.jpg,1,Cropped line image
S10,1,data/10_Y_1.jpg,1,Cropped line image
S10,0,data/10_D_2.jpg,2,Cropped line image
S10,1,data/10_Y_2.jpg,2,Cropped line image
S10,0,data/10_D_3.jpg,3,Cropped line image
S10,1,data/10_Y_3.jpg,3,Cropped line image
S10,0,data/10_D_4.jpg,4,Cropped line image
S10,1,data/10_Y_4.jpg,4,Cropped line image
S10,0,data/10_D_5.jpg,5,Cropped line image
S10,1,data/10_Y_5.jpg,5,Cropped line image
S10,0,data/10_D_6.jpg,6,Cropped line image
S10,1,data/10_Y_6.jpg,6,Cropped line image
S10,0,data/10_D_7.jpg,7,Cropped line image
S10,1,data/10_Y_7.jpg,7,Cropped line image
S10,0,data/10_D_8.jpg,8,Cropped line image
S10,1,data/10_Y_8.jpg,8,Cropped line image
S10,0,data/10_D_9.jpg,9,Cropped line image
S10,1,data/10_Y_9.jpg,9,Cropped line image
S10,0,data/10_D_10.jpg,10,Cropped line image
S10,1,data/10_Y_10.jpg,10,Cropped line image
S10,0,data/10_D_11.jpg,11,Cropped line image
S10,1,data/10_Y_11.jpg,11,Cropped line image
S10,0,data/10_D_12.jpg,12,Cropped line image
S10,1,data/10_Y_12.jpg,12,Cropped line image
S10,0,data/10_D_13.jpg,13,Cropped line image
S10,1,data/10_Y_13.jpg,13,Cropped line image
S10,0,data/10_D_14.jpg,14,Cropped line image
S10,1,data/10_Y_14.jpg,14,Cropped line image
S10,0,data/10_D_15.jpg,15,Cropped line image
S10,1,data/10_Y_15.jpg,15,Cropped line image
S10,0,data/10_D_16.jpg,16,Cropped line image
S10,1,data/10_Y_16.jpg,16,Cropped line image
S10,0,data/10_D_17.jpg,17,Cropped line image
S10,1,data/10_Y_17.jpg,17,Cropped line image
S10,0,data/10_D_18.jpg,18,Cropped line image
S10,1,data/10_Y_18.jpg,18,Cropped line image
S10,0,data/10_D_19.jpg,19,Cropped line image
S10,1,data/10_Y_19.jpg,19,Cropped line image
S10,0,data/10_D_20.jpg,20,Cropped line image
S10,1,data/10_Y_20.jpg,20,Cropped line image
S10,0,data/10_D_21.jpg,21,Cropped line image
S10,1,data/10_Y_21.jpg,21,Cropped line image
S10,0,data/10_D_22.jpg,22,Cropped line image
S10,1,data/10_Y_22.jpg,22,Cropped line image
S10,0,data/10_D_23.jpg,23,Cropped line image
S10,1,data/10_Y_23.jpg,23,Cropped line image
S10,0,data/10_D_24.jpg,24,Cropped line image
S10,1,data/10_Y_24.jpg,24,Cropped line image
S10,0,data/10_D_25.jpg,25,Cropped line image
S10,1,data/10_Y_25.jpg,25,Cropped line image
S10,0,data/10_D_26.jpg,26,Cropped line image
S10,1,data/10_Y_26.jpg,26,Cropped line image
S10,0,data/10_D_27.jpg,27,Cropped line image
S10,1,data/10_Y_27.jpg,27,Cropped line image
S10,0,data/10_D_28.jpg,28,Cropped line image
S10,1,data/10_Y_28.jpg,28,Cropped line image
S10,0,data/10_D_29.jpg,29,Cropped line image
S10,1,data/10_Y_29.jpg,29,Cropped line image
S10,0,data/10_D_30.jpg,30,Cropped line image
S10,1,data/10_Y_30.jpg,30,Cropped line image
S10,0,data/10_D_31.jpg,31,Cropped line image
S10,1,data/10_Y_31.jpg,31,Cropped line image
S10,0,data/10_D_32.jpg,32,Cropped line image
S10,1,data/10_Y_32.jpg,32,Cropped line image
S10,0,data/10_D_33.jpg,33,Cropped line image
S10,1,data/10_Y_33.jpg,33,Cropped line image
S10,0,data/10_D_34.jpg,34,Cropped line image
S10,1,data/10_Y_34.jpg,34,Cropped line image
S10,0,data/10_D_35.jpg,35,Cropped line image
S10,1,data/10_Y_35.jpg,35,Cropped line image
S10,0,data/10_D_36.jpg,36,Cropped line image
S10,1,data/10_Y_36.jpg,36,Cropped line image
S10,0,data/10_D_37.jpg,37,Cropped line image
S10,1,data/10_Y_37.jpg,37,Cropped line image
S10,0,data/10_D_38.jpg,38,Cropped line image
S10,1,data/10_Y_38.jpg,38,Cropped line image
S10,0,data/10_D_39.jpg,39,Cropped line image
S10,1,data/10_Y_39.jpg,39,Cropped line image
S10,0,data/10_D_40.jpg,40,Cropped line image
S10,1,data/10_Y_40.jpg,40,Cropped line image
S10,0,data/10_D_41.jpg,41,Cropped line image
S10,1,data/10_Y_41.jpg,41,Cropped line image
S10,0,data/10_D_42.jpg,42,Cropped line image
S10,1,data/10_Y_42.jpg,42,Cropped line image
S10,0,data/10_D_43.jpg,43,Cropped line image
S10,1,data/10_Y_43.jpg,43,Cropped line image
S10,0,data/10_D_44.jpg,44,Cropped line image
S10,1,data/10_Y_44.jpg,44,Cropped line image
S10,0,data/10_D_45.jpg,45,Cropped line image
S10,1,data/10_Y_45.jpg,45,Cropped line image
S10,0,data/10_D_46.jpg,46,Cropped line image
S10,1,data/10_Y_46.jpg,46,Cropped line image
S10,0,data/10_D_47.jpg,47,Cropped line image
S10,1,data/10_Y_47.jpg,47,Cropped line image
S10,0,data/10_D_48.jpg,48,Cropped line image
S10,1,data/10_Y_48.jpg,48,Cropped line image
S10,0,data/10_D_49.jpg,49,Cropped line image
S10,1,data/10_Y_49.jpg,49,Cropped line image
S11,0,data/11_D_0.jpg,0,Cropped line image
S11,1,data/11_Y_0.jpg,0,Cropped line image
S11,0,data/11_D_1.jpg,1,Cropped line image
S11,1,data/11_Y_1.jpg,1,Cropped line image
S11,0,data/11_D_2.jpg,2,Cropped line image
S11,1,data/11_Y_2.jpg,2,Cropped line image
S11,0,data/11_D_3.jpg,3,Cropped line image
S11,1,data/11_Y_3.jpg,3,Cropped line image
S11,0,data/11_D_4.jpg,4,Cropped line image
S11,1,data/11_Y_4.jpg,4,Cropped line image
S11,0,data/11_D_5.jpg,5,Cropped line image
S11,1,data/11_Y_5.jpg,5,Cropped line image
S11,0,data/11_D_6.jpg,6,Cropped line image
S11,1,data/11_Y_6.jpg,6,Cropped line image
S11,0,data/11_D_7.jpg,7,Cropped line image
S11,1,data/11_Y_7.jpg,7,Cropped line image
S11,0,data/11_D_8.jpg,8,Cropped line image
S11,1,data/11_Y_8.jpg,8,Cropped line image
S11,0,data/11_D_9.jpg,9,Cropped line image
S11,1,data/11_Y_9.jpg,9,Cropped line image
S11,0,data/11_D_10.jpg,10,Cropped line image
S11,1,data/11_Y_10.jpg,10,Cropped line image
S11,0,data/11_D_11.jpg,11,Cropped line image
S11,1,data/11_Y_11.jpg,11,Cropped line image
S11,0,data/11_D_12.jpg,12,Cropped line image
S11,1,data/11_Y_12.jpg,12,Cropped line image
S11,0,data/11_D_13.jpg,13,Cropped line image
S11,1,data/11_Y_13.jpg,13,Cropped line image
S11,0,data/11_D_14.jpg,14,Cropped line image
S11,1,data/11_Y_14.jpg,14,Cropped line image
S11,1,data/11_Y_15.jpg,15,Cropped line image
S11,0,data/11_D_16.jpg,16,Cropped line image
S11,1,data/11_Y_16.jpg,16,Cropped line image
S11,0,data/11_D_17.jpg,17,Cropped line image
S11,1,data/11_Y_17.jpg,17,Cropped line image
S11,0,data/11_D_18.jpg,18,Cropped line image
S11,1,data/11_Y_18.jpg,18,Cropped line image
S11,0,data/11_D_19.jpg,19,Cropped line image
S11,1,data/11_Y_19.jpg,19,Cropped line image
S11,0,data/11_D_20.jpg,20,Cropped line image
S11,1,data/11_Y_20.jpg,20,Cropped line image
S11,0,data/11_D_21.jpg,21,Cropped line image
S11,1,data/11_Y_21.jpg,21,Cropped line image
S11,0,data/11_D_22.jpg,22,Cropped line image
S11,1,data/11_Y_22.jpg,22,Cropped line image
S11,0,data/11_D_23.jpg,23,Cropped line image
S11,1,data/11_Y_23.jpg,23,Cropped line image
S11,0,data/11_D_24.jpg,24,Cropped line image
S11,1,data/11_Y_24.jpg,24,Cropped line image
S11,0,data/11_D_25.jpg,25,Cropped line image
S11,1,data/11_Y_25.jpg,25,Cropped line image
S11,0,data/11_D_26.jpg,26,Cropped line image
S11,1,data/11_Y_26.jpg,26,Cropped line image
S11,0,data/11_D_27.jpg,27,Cropped line image
S11,1,data/11_Y_27.jpg,27,Cropped line image
S11,0,data/11_D_28.jpg,28,Cropped line image
S11,1,data/11_Y_28.jpg,28,Cropped line image
S11,0,data/11_D_29.jpg,29,Cropped line image
S11,1,data/11_Y_29.jpg,29,Cropped line image
S11,0,data/11_D_30.jpg,30,Cropped line image
S11,1,data/11_Y_30.jpg,30,Cropped line image
S11,0,data/11_D_31.jpg,31,Cropped line image
S11,1,data/11_Y_31.jpg,31,Cropped line image
S11,0,data/11_D_32.jpg,32,Cropped line image
S11,1,data/11_Y_32.jpg,32,Cropped line image
S11,0,data/11_D_33.jpg,33,Cropped line image
S11,1,data/11_Y_33.jpg,33,Cropped line image
S11,0,data/11_D_34.jpg,34,Cropped line image
S11,1,data/11_Y_34.jpg,34,Cropped line image
S11,0,data/11_D_35.jpg,35,Cropped line image
S11,1,data/11_Y_35.jpg,35,Cropped line image
S11,0,data/11_D_36.jpg,36,Cropped line image
S11,1,data/11_Y_36.jpg,36,Cropped line image
S11,0,data/11_D_37.jpg,37,Cropped line image
S11,1,data/11_Y_37.jpg,37,Cropped line image
S11,0,data/11_D_38.jpg,38,Cropped line image
S11,1,data/11_Y_38.jpg,38,Cropped line image
S11,0,data/11_D_39.jpg,39,Cropped line image
S11,1,data/11_Y_39.jpg,39,Cropped line image
S11,0,data/11_D_40.jpg,40,Cropped line image
S11,1,data/11_Y_40.jpg,40,Cropped line image
S11,0,data/11_D_41.jpg,41,Cropped line image
S11,1,data/11_Y_41.jpg,41,Cropped line image
S11,0,data/11_D_42.jpg,42,Cropped line image
S11,1,data/11_Y_42.jpg,42,Cropped line image
S11,0,data/11_D_43.jpg,43,Cropped line image
S11,1,data/11_Y_43.jpg,43,Cropped line image
S11,0,data/11_D_44.jpg,44,Cropped line image
S11,1,data/11_Y_44.jpg,44,Cropped line image
S11,0,data/11_D_45.jpg,45,Cropped line image
S11,1,data/11_Y_45.jpg,45,Cropped line image
S11,0,data/11_D_46.jpg,46,Cropped line image
S11,1,data/11_Y_46.jpg,46,Cropped line image
S11,0,data/11_D_47.jpg,47,Cropped line image
S11,1,data/11_Y_47.jpg,47,Cropped line image
S11,0,data/11_D_48.jpg,48,Cropped line image
S11,1,data/11_Y_48.jpg,48,Cropped line image
S11,0,data/11_D_49.jpg,49,Cropped line image
S11,1,data/11_Y_49.jpg,49,Cropped line image
S11,0,data/11_D_50.jpg,50,Cropped line image
S12,0,data/12_D_0.jpg,0,Cropped line image
S12,1,data/12_Y_0.jpg,0,Cropped line image
S12,0,data/12_D_1.jpg,1,Cropped line image
S12,1,data/12_Y_1.jpg,1,Cropped line image
S12,0,data/12_D_2.jpg,2,Cropped line image
S12,1,data/12_Y_2.jpg,2,Cropped line image
S12,0,data/12_D_3.jpg,3,Cropped line image
S12,1,data/12_Y_3.jpg,3,Cropped line image
S12,0,data/12_D_4.jpg,4,Cropped line image
S12,1,data/12_Y_4.jpg,4,Cropped line image
S12,0,data/12_D_5.jpg,5,Cropped line image
S12,1,data/12_Y_5.jpg,5,Cropped line image
S12,0,data/12_D_6.jpg,6,Cropped line image
S12,1,data/12_Y_6.jpg,6,Cropped line image
S12,0,data/12_D_7.jpg,7,Cropped line image
S12,1,data/12_Y_7.jpg,7,Cropped line image
S12,0,data/12_D_8.jpg,8,Cropped line image
S12,1,data/12_Y_8.jpg,8,Cropped line image
S12,0,data/12_D_9.jpg,9,Cropped line image
S12,1,data/12_Y_9.jpg,9,Cropped line image
S12,0,data/12_D_10.jpg,10,Cropped line image
S12,1,data/12_Y_10.jpg,10,Cropped line image
S12,0,data/12_D_11.jpg,11,Cropped line image
S12,1,data/12_Y_11.jpg,11,Cropped line image
S12,0,data/12_D_12.jpg,12,Cropped line image
S12,1,data/12_Y_12.jpg,12,Cropped line image
S12,0,data/12_D_13.jpg,13,Cropped line image
S12,1,data/12_Y_13.jpg,13,Cropped line image
S12,0,data/12_D_14.jpg,14,Cropped line image
S12,1,data/12_Y_14.jpg,14,Cropped line image
S12,0,data/12_D_15.jpg,15,Cropped line image
S12,1,data/12_Y_15.jpg,15,Cropped line image
S12,0,data/12_D_16.jpg,16,Cropped line image
S12,1,data/12_Y_16.jpg,16,Cropped line image
S12,0,data/12_D_17.jpg,17,Cropped line image
S12,1,data/12_Y_17.jpg,17,Cropped line image
S12,0,data/12_D_18.jpg,18,Cropped line image
S12,1,data/12_Y_18.jpg,18,Cropped line image
S12,0,data/12_D_19.jpg,19,Cropped line image
S12,1,data/12_Y_19.jpg,19,Cropped line image
S12,0,data/12_D_20.jpg,20,Cropped line image
S12,1,data/12_Y_20.jpg,20,Cropped line image
S12,0,data/12_D_21.jpg,21,Cropped line image
S12,1,data/12_Y_21.jpg,21,Cropped line image
S12,0,data/12_D_22.jpg,22,Cropped line image
S12,1,data/12_Y_22.jpg,22,Cropped line image
S12,0,data/12_D_23.jpg,23,Cropped line image
S12,1,data/12_Y_23.jpg,23,Cropped line image
S12,0,data/12_D_24.jpg,24,Cropped line image
S12,1,data/12_Y_24.jpg,24,Cropped line image
S12,0,data/12_D_25.jpg,25,Cropped line image
S12,1,data/12_Y_25.jpg,25,Cropped line image
S12,0,data/12_D_26.jpg,26,Cropped line image
S12,1,data/12_Y_26.jpg,26,Cropped line image
S12,0,data/12_D_27.jpg,27,Cropped line image
S12,1,data/12_Y_27.jpg,27,Cropped line image
S12,0,data/12_D_28.jpg,28,Cropped line image
S12,1,data/12_Y_28.jpg,28,Cropped line image
S12,0,data/12_D_29.jpg,29,Cropped line image
S12,1,data/12_Y_29.jpg,29,Cropped line image
S12,0,data/12_D_30.jpg,30,Cropped line image
S12,1,data/12_Y_30.jpg,30,Cropped line image
S12,0,data/12_D_31.jpg,31,Cropped line image
S12,1,data/12_Y_31.jpg,31,Cropped line image
S12,0,data/12_D_32.jpg,32,Cropped line image
S12,1,data/12_Y_32.jpg,32,Cropped line image
S12,0,data/12_D_33.jpg,33,Cropped line image
S12,1,data/12_Y_33.jpg,33,Cropped line image
S12,0,data/12_D_34.jpg,34,Cropped line image
S12,1,data/12_Y_34.jpg,34,Cropped line image
S12,0,data/12_D_35.jpg,35,Cropped line image
S12,1,data/12_Y_35.jpg,35,Cropped line image
S12,0,data/12_D_36.jpg,36,Cropped line image
S12,1,data/12_Y_36.jpg,36,Cropped line image
S12,0,data/12_D_37.jpg,37,Cropped line image
S12,1,data/12_Y_37.jpg,37,Cropped line image
S12,0,data/12_D_38.jpg,38,Cropped line image
S12,1,data/12_Y_38.jpg,38,Cropped line image
S12,0,data/12_D_39.jpg,39,Cropped line image
S12,1,data/12_Y_39.jpg,39,Cropped line image
S12,0,data/12_D_40.jpg,40,Cropped line image
S12,1,data/12_Y_40.jpg,40,Cropped line image
S12,0,data/12_D_41.jpg,41,Cropped line image
S12,1,data/12_Y_41.jpg,41,Cropped line image
S12,0,data/12_D_42.jpg,42,Cropped line image
S12,1,data/12_Y_42.jpg,42,Cropped line image
S12,0,data/12_D_43.jpg,43,Cropped line image
S12,1,data/12_Y_43.jpg,43,Cropped line image
S12,0,data/12_D_44.jpg,44,Cropped line image
S12,1,data/12_Y_44.jpg,44,Cropped line image
S12,0,data/12_D_45.jpg,45,Cropped line image
S12,1,data/12_Y_45.jpg,45,Cropped line image
S12,0,data/12_D_46.jpg,46,Cropped line image
S12,1,data/12_Y_46.jpg,46,Cropped line image
S12,0,data/12_D_47.jpg,47,Cropped line image
S12,1,data/12_Y_47.jpg,47,Cropped line image
S12,0,data/12_D_48.jpg,48,Cropped line image
S12,1,data/12_Y_48.jpg,48,Cropped line image
S12,0,data/12_D_49.jpg,49,Cropped line image
S12,1,data/12_Y_49.jpg,49,Cropped line image
S13,0,data/13_D_0.jpg,0,Cropped line image
S13,1,data/13_Y_0.jpg,0,Cropped line image
S13,0,data/13_D_1.jpg,1,Cropped line image
S13,1,data/13_Y_1.jpg,1,Cropped line image
S13,0,data/13_D_2.jpg,2,Cropped line image
S13,1,data/13_Y_2.jpg,2,Cropped line image
S13,0,data/13_D_3.jpg,3,Cropped line image
S13,1,data/13_Y_3.jpg,3,Cropped line image
S13,0,data/13_D_4.jpg,4,Cropped line image
S13,1,data/13_Y_4.jpg,4,Cropped line image
S13,0,data/13_D_5.jpg,5,Cropped line image
S13,1,data/13_Y_5.jpg,5,Cropped line image
S13,0,data/13_D_6.jpg,6,Cropped line image
S13,1,data/13_Y_6.jpg,6,Cropped line image
S13,0,data/13_D_7.jpg,7,Cropped line image
S13,1,data/13_Y_7.jpg,7,Cropped line image
S13,0,data/13_D_8.jpg,8,Cropped line image
S13,1,data/13_Y_8.jpg,8,Cropped line image
S13,0,data/13_D_9.jpg,9,Cropped line image
S13,1,data/13_Y_9.jpg,9,Cropped line image
S13,0,data/13_D_10.jpg,10,Cropped line image
S13,1,data/13_Y_10.jpg,10,Cropped line image
S13,0,data/13_D_11.jpg,11,Cropped line image
S13,1,data/13_Y_11.jpg,11,Cropped line image
S13,0,data/13_D_12.jpg,12,Cropped line image
S13,1,data/13_Y_12.jpg,12,Cropped line image
S13,0,data/13_D_13.jpg,13,Cropped line image
S13,1,data/13_Y_13.jpg,13,Cropped line image
S13,0,data/13_D_14.jpg,14,Cropped line image
S13,1,data/13_Y_14.jpg,14,Cropped line image
S13,0,data/13_D_15.jpg,15,Cropped line image
S13,1,data/13_Y_15.jpg,15,Cropped line image
S13,0,data/13_D_16.jpg,16,Cropped line image
S13,1,data/13_Y_16.jpg,16,Cropped line image
S13,0,data/13_D_17.jpg,17,Cropped line image
S13,1,data/13_Y_17.jpg,17,Cropped line image
S13,0,data/13_D_18.jpg,18,Cropped line image
S13,1,data/13_Y_18.jpg,18,Cropped line image
S13,0,data/13_D_19.jpg,19,Cropped line image
S13,1,data/13_Y_19.jpg,19,Cropped line image
S13,0,data/13_D_20.jpg,20,Cropped line image
S13,1,data/13_Y_20.jpg,20,Cropped line image
S13,0,data/13_D_21.jpg,21,Cropped line image
S13,1,data/13_Y_21.jpg,21,Cropped line image
S13,0,data/13_D_22.jpg,22,Cropped line image
S13,1,data/13_Y_22.jpg,22,Cropped line image
S13,0,data/13_D_23.jpg,23,Cropped line image
S13,1,data/13_Y_23.jpg,23,Cropped line image
S13,0,data/13_D_24.jpg,24,Cropped line image
S13,1,data/13_Y_24.jpg,24,Cropped line image
S13,0,data/13_D_25.jpg,25,Cropped line image
S13,1,data/13_Y_25.jpg,25,Cropped line image
S13,0,data/13_D_26.jpg,26,Cropped line image
S13,1,data/13_Y_26.jpg,26,Cropped line image
S13,0,data/13_D_27.jpg,27,Cropped line image
S13,1,data/13_Y_27.jpg,27,Cropped line image
S13,0,data/13_D_28.jpg,28,Cropped line image
S13,1,data/13_Y_28.jpg,28,Cropped line image
S13,0,data/13_D_29.jpg,29,Cropped line image
S13,1,data/13_Y_29.jpg,29,Cropped line image
S13,0,data/13_D_30.jpg,30,Cropped line image
S13,1,data/13_Y_30.jpg,30,Cropped line image
S13,0,data/13_D_31.jpg,31,Cropped line image
S13,0,data/13_D_32.jpg,32,Cropped line image
S13,1,data/13_Y_32.jpg,32,Cropped line image
S13,0,data/13_D_33.jpg,33,Cropped line image
S13,1,data/13_Y_33.jpg,33,Cropped line image
S13,0,data/13_D_34.jpg,34,Cropped line image
S13,1,data/13_Y_34.jpg,34,Cropped line image
S13,0,data/13_D_35.jpg,35,Cropped line image
S13,1,data/13_Y_35.jpg,35,Cropped line image
S13,0,data/13_D_36.jpg,36,Cropped line image
S13,1,data/13_Y_36.jpg,36,Cropped line image
S13,0,data/13_D_37.jpg,37,Cropped line image
S13,1,data/13_Y_37.jpg,37,Cropped line image
S13,0,data/13_D_38.jpg,38,Cropped line image
S13,1,data/13_Y_38.jpg,38,Cropped line image
S13,0,data/13_D_39.jpg,39,Cropped line image
S13,1,data/13_Y_39.jpg,39,Cropped line image
S13,0,data/13_D_40.jpg,40,Cropped line image
S13,1,data/13_Y_40.jpg,40,Cropped line image
S13,0,data/13_D_41.jpg,41,Cropped line image
S13,1,data/13_Y_41.jpg,41,Cropped line image
S13,0,data/13_D_42.jpg,42,Cropped line image
S13,1,data/13_Y_42.jpg,42,Cropped line image
S13,0,data/13_D_43.jpg,43,Cropped line image
S13,1,data/13_Y_43.jpg,43,Cropped line image
S13,0,data/13_D_44.jpg,44,Cropped line image
S13,1,data/13_Y_44.jpg,44,Cropped line image
S13,0,data/13_D_45.jpg,45,Cropped line image
S13,1,data/13_Y_45.jpg,45,Cropped line image
S13,0,data/13_D_46.jpg,46,Cropped line image
S13,1,data/13_Y_46.jpg,46,Cropped line image
S13,0,data/13_D_47.jpg,47,Cropped line image
S13,1,data/13_Y_47.jpg,47,Cropped line image
S13,0,data/13_D_48.jpg,48,Cropped line image
S13,1,data/13_Y_48.jpg,48,Cropped line image
S13,0,data/13_D_49.jpg,49,Cropped line image
S13,1,data/13_Y_49.jpg,49,Cropped line image
S13,1,data/13_Y_50.jpg,50,Cropped line image
S14,0,data/14_D_0.jpg,0,Cropped line image
S14,1,data/14_Y_0.jpg,0,Cropped line image
S14,0,data/14_D_1.jpg,1,Cropped line image
S14,1,data/14_Y_1.jpg,1,Cropped line image
S14,0,data/14_D_2.jpg,2,Cropped line image
S14,1,data/14_Y_2.jpg,2,Cropped line image
S14,0,data/14_D_3.jpg,3,Cropped line image
S14,1,data/14_Y_3.jpg,3,Cropped line image
S14,0,data/14_D_4.jpg,4,Cropped line image
S14,1,data/14_Y_4.jpg,4,Cropped line image
S14,0,data/14_D_5.jpg,5,Cropped line image
S14,1,data/14_Y_5.jpg,5,Cropped line image
S14,0,data/14_D_6.jpg,6,Cropped line image
S14,1,data/14_Y_6.jpg,6,Cropped line image
S14,0,data/14_D_7.jpg,7,Cropped line image
S14,1,data/14_Y_7.jpg,7,Cropped line image
S14,0,data/14_D_8.jpg,8,Cropped line image
S14,1,data/14_Y_8.jpg,8,Cropped line image
S14,0,data/14_D_9.jpg,9,Cropped line image
S14,1,data/14_Y_9.jpg,9,Cropped line image
S14,0,data/14_D_10.jpg,10,Cropped line image
S14,1,data/14_Y_10.jpg,10,Cropped line image
S14,0,data/14_D_11.jpg,11,Cropped line image
S14,1,data/14_Y_11.jpg,11,Cropped line image
S14,0,data/14_D_12.jpg,12,Cropped line image
S14,1,data/14_Y_12.jpg,12,Cropped line image
S14,0,data/14_D_13.jpg,13,Cropped line image
S14,1,data/14_Y_13.jpg,13,Cropped line image
S14,0,data/14_D_14.jpg,14,Cropped line image
S14,1,data/14_Y_14.jpg,14,Cropped line image
S14,0,data/14_D_15.jpg,15,Cropped line image
S14,1,data/14_Y_15.jpg,15,Cropped line image
S14,0,data/14_D_16.jpg,16,Cropped line image
S14,1,data/14_Y_16.jpg,16,Cropped line image
S14,0,data/14_D_17.jpg,17,Cropped line image
S14,1,data/14_Y_17.jpg,17,Cropped line image
S14,0,data/14_D_18.jpg,18,Cropped line image
S14,1,data/14_Y_18.jpg,18,Cropped line image
S14,0,data/14_D_19.jpg,19,Cropped line image
S14,1,data/14_Y_19.jpg,19,Cropped line image
S14,0,data/14_D_20.jpg,20,Cropped line image
S14,1,data/14_Y_20.jpg,20,Cropped line image
S14,0,data/14_D_21.jpg,21,Cropped line image
S14,1,data/14_Y_21.jpg,21,Cropped line image
S14,0,data/14_D_22.jpg,22,Cropped line image
S14,1,data/14_Y_22.jpg,22,Cropped line image
S14,0,data/14_D_23.jpg,23,Cropped line image
S14,1,data/14_Y_23.jpg,23,Cropped line image
S14,0,data/14_D_24.jpg,24,Cropped line image
S14,1,data/14_Y_24.jpg,24,Cropped line image
S14,0,data/14_D_25.jpg,25,Cropped line image
S14,1,data/14_Y_25.jpg,25,Cropped line image
S14,0,data/14_D_26.jpg,26,Cropped line image
S14,1,data/14_Y_26.jpg,26,Cropped line image
S14,0,data/14_D_27.jpg,27,Cropped line image
S14,1,data/14_Y_27.jpg,27,Cropped line image
S14,0,data/14_D_28.jpg,28,Cropped line image
S14,1,data/14_Y_28.jpg,28,Cropped line image
S14,0,data/14_D_29.jpg,29,Cropped line image
S14,1,data/14_Y_29.jpg,29,Cropped line image
S14,1,data/14_Y_30.jpg,30,Cropped line image
S14,0,data/14_D_31.jpg,31,Cropped line image
S14,1,data/14_Y_31.jpg,31,Cropped line image
S14,0,data/14_D_32.jpg,32,Cropped line image
S14,1,data/14_Y_32.jpg,32,Cropped line image
S14,0,data/14_D_33.jpg,33,Cropped line image
S14,1,data/14_Y_33.jpg,33,Cropped line image
S14,0,data/14_D_34.jpg,34,Cropped line image
S14,1,data/14_Y_34.jpg,34,Cropped line image
S14,0,data/14_D_35.jpg,35,Cropped line image
S14,1,data/14_Y_35.jpg,35,Cropped line image
S14,0,data/14_D_36.jpg,36,Cropped line image
S14,1,data/14_Y_36.jpg,36,Cropped line image
S14,0,data/14_D_37.jpg,37,Cropped line image
S14,1,data/14_Y_37.jpg,37,Cropped line image
S14,0,data/14_D_38.jpg,38,Cropped line image
S14,1,data/14_Y_38.jpg,38,Cropped line image
S14,0,data/14_D_39.jpg,39,Cropped line image
S14,1,data/14_Y_39.jpg,39,Cropped line image
S14,0,data/14_D_40.jpg,40,Cropped line image
S14,1,data/14_Y_40.jpg,40,Cropped line image
S14,0,data/14_D_41.jpg,41,Cropped line image
S14,1,data/14_Y_41.jpg,41,Cropped line image
S14,0,data/14_D_42.jpg,42,Cropped line image
S14,1,data/14_Y_42.jpg,42,Cropped line image
S14,0,data/14_D_43.jpg,43,Cropped line image
S14,1,data/14_Y_43.jpg,43,Cropped line image
S14,0,data/14_D_44.jpg,44,Cropped line image
S14,1,data/14_Y_44.jpg,44,Cropped line image
S14,0,data/14_D_45.jpg,45,Cropped line image
S14,1,data/14_Y_45.jpg,45,Cropped line image
S14,0,data/14_D_46.jpg,46,Cropped line image
S14,1,data/14_Y_46.jpg,46,Cropped line image
S14,0,data/14_D_47.jpg,47,Cropped line image
S14,1,data/14_Y_47.jpg,47,Cropped line image
S14,0,data/14_D_48.jpg,48,Cropped line image
S14,1,data/14_Y_48.jpg,48,Cropped line image
S14,0,data/14_D_49.jpg,49,Cropped line image
S14,1,data/14_Y_49.jpg,49,Cropped line image
S14,0,data/14_D_50.jpg,50,Cropped line image
S15,0,data/15_D_0.jpg,0,Cropped line image
S15,1,data/15_Y_0.jpg,0,Cropped line image
S15,0,data/15_D_1.jpg,1,Cropped line image
S15,1,data/15_Y_1.jpg,1,Cropped line image
S15,0,data/15_D_2.jpg,2,Cropped line image
S15,1,data/15_Y_2.jpg,2,Cropped line image
S15,0,data/15_D_3.jpg,3,Cropped line image
S15,1,data/15_Y_3.jpg,3,Cropped line image
S15,0,data/15_D_4.jpg,4,Cropped line image
S15,1,data/15_Y_4.jpg,4,Cropped line image
S15,0,data/15_D_5.jpg,5,Cropped line image
S15,1,data/15_Y_5.jpg,5,Cropped line image
S15,0,data/15_D_6.jpg,6,Cropped line image
S15,1,data/15_Y_6.jpg,6,Cropped line image
S15,0,data/15_D_7.jpg,7,Cropped line image
S15,1,data/15_Y_7.jpg,7,Cropped line image
S15,0,data/15_D_8.jpg,8,Cropped line image
S15,1,data/15_Y_8.jpg,8,Cropped line image
S15,0,data/15_D_9.jpg,9,Cropped line image
S15,1,data/15_Y_9.jpg,9,Cropped line image
S15,0,data/15_D_10.jpg,10,Cropped line image
S15,1,data/15_Y_10.jpg,10,Cropped line image
S15,0,data/15_D_11.jpg,11,Cropped line image
S15,1,data/15_Y_11.jpg,11,Cropped line image
S15,0,data/15_D_12.jpg,12,Cropped line image
S15,1,data/15_Y_12.jpg,12,Cropped line image
S15,0,data/15_D_13.jpg,13,Cropped line image
S15,1,data/15_Y_13.jpg,13,Cropped line image
S15,0,data/15_D_14.jpg,14,Cropped line image
S15,1,data/15_Y_14.jpg,14,Cropped line image
S15,0,data/15_D_15.jpg,15,Cropped line image
S15,1,data/15_Y_15.jpg,15,Cropped line image
S15,0,data/15_D_16.jpg,16,Cropped line image
S15,1,data/15_Y_16.jpg,16,Cropped line image
S15,0,data/15_D_17.jpg,17,Cropped line image
S15,1,data/15_Y_17.jpg,17,Cropped line image
S15,0,data/15_D_18.jpg,18,Cropped line image
S15,1,data/15_Y_18.jpg,18,Cropped line image
S15,0,data/15_D_19.jpg,19,Cropped line image
S15,1,data/15_Y_19.jpg,19,Cropped line image
S15,0,data/15_D_20.jpg,20,Cropped line image
S15,1,data/15_Y_20.jpg,20,Cropped line image
S15,0,data/15_D_21.jpg,21,Cropped line image
S15,1,data/15_Y_21.jpg,21,Cropped line image
S15,0,data/15_D_22.jpg,22,Cropped line image
S15,1,data/15_Y_22.jpg,22,Cropped line image
S15,0,data/15_D_23.jpg,23,Cropped line image
S15,1,data/15_Y_23.jpg,23,Cropped line image
S15,0,data/15_D_24.jpg,24,Cropped line image
S15,1,data/15_Y_24.jpg,24,Cropped line image
S15,0,data/15_D_25.jpg,25,Cropped line image
S15,1,data/15_Y_25.jpg,25,Cropped line image
S15,0,data/15_D_26.jpg,26,Cropped line image
S15,1,data/15_Y_26.jpg,26,Cropped line image
S15,0,data/15_D_27.jpg,27,Cropped line image
S15,1,data/15_Y_27.jpg,27,Cropped line image
S15,0,data/15_D_28.jpg,28,Cropped line image
S15,1,data/15_Y_28.jpg,28,Cropped line image
S15,0,data/15_D_29.jpg,29,Cropped line image
S15,1,data/15_Y_29.jpg,29,Cropped line image
S15,0,data/15_D_30.jpg,30,Cropped line image
S15,1,data/15_Y_30.jpg,30,Cropped line image
S15,0,data/15_D_31.jpg,31,Cropped line image
S15,1,data/15_Y_31.jpg,31,Cropped line image
S15,0,data/15_D_32.jpg,32,Cropped line image
S15,1,data/15_Y_32.jpg,32,Cropped line image
S15,0,data/15_D_33.jpg,33,Cropped line image
S15,1,data/15_Y_33.jpg,33,Cropped line image
S15,0,data/15_D_34.jpg,34,Cropped line image
S15,1,data/15_Y_34.jpg,34,Cropped line image
S15,0,data/15_D_35.jpg,35,Cropped line image
S15,1,data/15_Y_35.jpg,35,Cropped line image
S15,0,data/15_D_36.jpg,36,Cropped line image
S15,1,data/15_Y_36.jpg,36,Cropped line image
S15,0,data/15_D_37.jpg,37,Cropped line image
S15,1,data/15_Y_37.jpg,37,Cropped line image
S15,0,data/15_D_38.jpg,38,Cropped line image
S15,1,data/15_Y_38.jpg,38,Cropped line image
S15,0,data/15_D_39.jpg,39,Cropped line image
S15,1,data/15_Y_39.jpg,39,Cropped line image
S15,0,data/15_D_40.jpg,40,Cropped line image
S15,1,data/15_Y_40.jpg,40,Cropped line image
S15,0,data/15_D_41.jpg,41,Cropped line image
S15,1,data/15_Y_41.jpg,41,Cropped line image
S15,0,data/15_D_42.jpg,42,Cropped line image
S15,1,data/15_Y_42.jpg,42,Cropped line image
S15,0,data/15_D_43.jpg,43,Cropped line image
S15,1,data/15_Y_43.jpg,43,Cropped line image
S15,0,data/15_D_44.jpg,44,Cropped line image
S15,1,data/15_Y_44.jpg,44,Cropped line image
S15,0,data/15_D_45.jpg,45,Cropped line image
S15,1,data/15_Y_45.jpg,45,Cropped line image
S15,0,data/15_D_46.jpg,46,Cropped line image
S15,1,data/15_Y_46.jpg,46,Cropped line image
S15,0,data/15_D_47.jpg,47,Cropped line image
S15,1,data/15_Y_47.jpg,47,Cropped line image
S15,0,data/15_D_48.jpg,48,Cropped line image
S15,1,data/15_Y_48.jpg,48,Cropped line image
S15,0,data/15_D_49.jpg,49,Cropped line image
S15,1,data/15_Y_49.jpg,49,Cropped line image
S16,0,data/16_D_0.jpg,0,Cropped line image
S16,1,data/16_Y_0.jpg,0,Cropped line image
S16,0,data/16_D_1.jpg,1,Cropped line image
S16,1,data/16_Y_1.jpg,1,Cropped line image
S16,0,data/16_D_2.jpg,2,Cropped line image
S16,1,data/16_Y_2.jpg,2,Cropped line image
S16,0,data/16_D_3.jpg,3,Cropped line image
S16,1,data/16_Y_3.jpg,3,Cropped line image
S16,0,data/16_D_4.jpg,4,Cropped line image
S16,1,data/16_Y_4.jpg,4,Cropped line image
S16,0,data/16_D_5.jpg,5,Cropped line image
S16,1,data/16_Y_5.jpg,5,Cropped line image
S16,0,data/16_D_6.jpg,6,Cropped line image
S16,1,data/16_Y_6.jpg,6,Cropped line image
S16,0,data/16_D_7.jpg,7,Cropped line image
S16,1,data/16_Y_7.jpg,7,Cropped line image
S16,0,data/16_D_8.jpg,8,Cropped line image
S16,1,data/16_Y_8.jpg,8,Cropped line image
S16,0,data/16_D_9.jpg,9,Cropped line image
S16,1,data/16_Y_9.jpg,9,Cropped line image
S16,0,data/16_D_10.jpg,10,Cropped line image
S16,1,data/16_Y_10.jpg,10,Cropped line image
S16,0,data/16_D_11.jpg,11,Cropped line image
S16,1,data/16_Y_11.jpg,11,Cropped line image
S16,0,data/16_D_12.jpg,12,Cropped line image
S16,1,data/16_Y_12.jpg,12,Cropped line image
S16,0,data/16_D_13.jpg,13,Cropped line image
S16,1,data/16_Y_13.jpg,13,Cropped line image
S16,0,data/16_D_14.jpg,14,Cropped line image
S16,1,data/16_Y_14.jpg,14,Cropped line image
S16,0,data/16_D_15.jpg,15,Cropped line image
S16,1,data/16_Y_15.jpg,15,Cropped line image
S16,0,data/16_D_16.jpg,16,Cropped line image
S16,1,data/16_Y_16.jpg,16,Cropped line image
S16,0,data/16_D_17.jpg,17,Cropped line image
S16,1,data/16_Y_17.jpg,17,Cropped line image
S16,0,data/16_D_18.jpg,18,Cropped line image
S16,1,data/16_Y_18.jpg,18,Cropped line image
S16,0,data/16_D_19.jpg,19,Cropped line image
S16,1,data/16_Y_19.jpg,19,Cropped line image
S16,0,data/16_D_20.jpg,20,Cropped line image
S16,1,data/16_Y_20.jpg,20,Cropped line image
S16,0,data/16_D_21.jpg,21,Cropped line image
S16,1,data/16_Y_21.jpg,21,Cropped line image
S16,0,data/16_D_22.jpg,22,Cropped line image
S16,1,data/16_Y_22.jpg,22,Cropped line image
S16,0,data/16_D_23.jpg,23,Cropped line image
S16,1,data/16_Y_23.jpg,23,Cropped line image
S16,0,data/16_D_24.jpg,24,Cropped line image
S16,1,data/16_Y_24.jpg,24,Cropped line image
S16,0,data/16_D_25.jpg,25,Cropped line image
S16,1,data/16_Y_25.jpg,25,Cropped line image
S16,0,data/16_D_26.jpg,26,Cropped line image
S16,1,data/16_Y_26.jpg,26,Cropped line image
S16,0,data/16_D_27.jpg,27,Cropped line image
S16,1,data/16_Y_27.jpg,27,Cropped line image
S16,0,data/16_D_28.jpg,28,Cropped line image
S16,1,data/16_Y_28.jpg,28,Cropped line image
S16,0,data/16_D_29.jpg,29,Cropped line image
S16,1,data/16_Y_29.jpg,29,Cropped line image
S16,0,data/16_D_30.jpg,30,Cropped line image
S16,1,data/16_Y_30.jpg,30,Cropped line image
S16,0,data/16_D_31.jpg,31,Cropped line image
S16,1,data/16_Y_31.jpg,31,Cropped line image
S16,0,data/16_D_32.jpg,32,Cropped line image
S16,1,data/16_Y_32.jpg,32,Cropped line image
S16,0,data/16_D_33.jpg,33,Cropped line image
S16,1,data/16_Y_33.jpg,33,Cropped line image
S16,0,data/16_D_34.jpg,34,Cropped line image
S16,1,data/16_Y_34.jpg,34,Cropped line image
S16,0,data/16_D_35.jpg,35,Cropped line image
S16,1,data/16_Y_35.jpg,35,Cropped line image
S16,0,data/16_D_36.jpg,36,Cropped line image
S16,1,data/16_Y_36.jpg,36,Cropped line image
S16,0,data/16_D_37.jpg,37,Cropped line image
S16,1,data/16_Y_37.jpg,37,Cropped line image
S16,0,data/16_D_38.jpg,38,Cropped line image
S16,1,data/16_Y_38.jpg,38,Cropped line image
S16,0,data/16_D_39.jpg,39,Cropped line image
S16,1,data/16_Y_39.jpg,39,Cropped line image
S16,0,data/16_D_40.jpg,40,Cropped line image
S16,1,data/16_Y_40.jpg,40,Cropped line image
S16,0,data/16_D_41.jpg,41,Cropped line image
S16,1,data/16_Y_41.jpg,41,Cropped line image
S16,0,data/16_D_42.jpg,42,Cropped line image
S16,1,data/16_Y_42.jpg,42,Cropped line image
S16,0,data/16_D_43.jpg,43,Cropped line image
S16,1,data/16_Y_43.jpg,43,Cropped line image
S16,0,data/16_D_44.jpg,44,Cropped line image
S16,1,data/16_Y_44.jpg,44,Cropped line image
S16,0,data/16_D_45.jpg,45,Cropped line image
S16,1,data/16_Y_45.jpg,45,Cropped line image
S16,0,data/16_D_46.jpg,46,Cropped line image
S16,1,data/16_Y_46.jpg,46,Cropped line image
S16,0,data/16_D_47.jpg,47,Cropped line image
S16,1,data/16_Y_47.jpg,47,Cropped line image
S16,0,data/16_D_48.jpg,48,Cropped line image
S16,1,data/16_Y_48.jpg,48,Cropped line image
S16,0,data/16_D_49.jpg,49,Cropped line image
S16,1,data/16_Y_49.jpg,49,Cropped line image
S17,0,data/17_D_0.jpg,0,Cropped line image
S17,1,data/17_Y_0.jpg,0,Cropped line image
S17,0,data/17_D_1.jpg,1,Cropped line image
S17,1,data/17_Y_1.jpg,1,Cropped line image
S17,0,data/17_D_2.jpg,2,Cropped line image
S17,1,data/17_Y_2.jpg,2,Cropped line image
S17,0,data/17_D_3.jpg,3,Cropped line image
S17,1,data/17_Y_3.jpg,3,Cropped line image
S17,0,data/17_D_4.jpg,4,Cropped line image
S17,1,data/17_Y_4.jpg,4,Cropped line image
S17,0,data/17_D_5.jpg,5,Cropped line image
S17,1,data/17_Y_5.jpg,5,Cropped line image
S17,0,data/17_D_6.jpg,6,Cropped line image
S17,1,data/17_Y_6.jpg,6,Cropped line image
S17,0,data/17_D_7.jpg,7,Cropped line image
S17,1,data/17_Y_7.jpg,7,Cropped line image
S17,0,data/17_D_8.jpg,8,Cropped line image
S17,1,data/17_Y_8.jpg,8,Cropped line image
S17,0,data/17_D_9.jpg,9,Cropped line image
S17,1,data/17_Y_9.jpg,9,Cropped line image
S17,0,data/17_D_10.jpg,10,Cropped line image
S17,1,data/17_Y_10.jpg,10,Cropped line image
S17,0,data/17_D_11.jpg,11,Cropped line image
S17,1,data/17_Y_11.jpg,11,Cropped line image
S17,0,data/17_D_12.jpg,12,Cropped line image
S17,1,data/17_Y_12.jpg,12,Cropped line image
S17,0,data/17_D_13.jpg,13,Cropped line image
S17,1,data/17_Y_13.jpg,13,Cropped line image
S17,0,data/17_D_14.jpg,14,Cropped line image
S17,1,data/17_Y_14.jpg,14,Cropped line image
S17,0,data/17_D_15.jpg,15,Cropped line image
S17,1,data/17_Y_15.jpg,15,Cropped line image
S17,0,data/17_D_16.jpg,16,Cropped line image
S17,1,data/17_Y_16.jpg,16,Cropped line image
S17,0,data/17_D_17.jpg,17,Cropped line image
S17,1,data/17_Y_17.jpg,17,Cropped line image
S17,0,data/17_D_18.jpg,18,Cropped line image
S17,1,data/17_Y_18.jpg,18,Cropped line image
S17,0,data/17_D_19.jpg,19,Cropped line image
S17,1,data/17_Y_19.jpg,19,Cropped line image
S17,0,data/17_D_20.jpg,20,Cropped line image
S17,1,data/17_Y_20.jpg,20,Cropped line image
S17,0,data/17_D_21.jpg,21,Cropped line image
S17,1,data/17_Y_21.jpg,21,Cropped line image
S17,0,data/17_D_22.jpg,22,Cropped line image
S17,1,data/17_Y_22.jpg,22,Cropped line image
S17,0,data/17_D_23.jpg,23,Cropped line image
S17,1,data/17_Y_23.jpg,23,Cropped line image
S17,0,data/17_D_24.jpg,24,Cropped line image
S17,1,data/17_Y_24.jpg,24,Cropped line image
S17,0,data/17_D_25.jpg,25,Cropped line image
S17,1,data/17_Y_25.jpg,25,Cropped line image
S17,0,data/17_D_26.jpg,26,Cropped line image
S17,1,data/17_Y_26.jpg,26,Cropped line image
S17,0,data/17_D_27.jpg,27,Cropped line image
S17,1,data/17_Y_27.jpg,27,Cropped line image
S17,0,data/17_D_28.jpg,28,Cropped line image
S17,1,data/17_Y_28.jpg,28,Cropped line image
S17,0,data/17_D_29.jpg,29,Cropped line image
S17,1,data/17_Y_29.jpg,29,Cropped line image
S17,0,data/17_D_30.jpg,30,Cropped line image
S17,1,data/17_Y_30.jpg,30,Cropped line image
S17,0,data/17_D_31.jpg,31,Cropped line image
S17,1,data/17_Y_31.jpg,31,Cropped line image
S17,0,data/17_D_32.jpg,32,Cropped line image
S17,1,data/17_Y_32.jpg,32,Cropped line image
S17,0,data/17_D_33.jpg,33,Cropped line image
S17,1,data/17_Y_33.jpg,33,Cropped line image
S17,0,data/17_D_34.jpg,34,Cropped line image
S17,1,data/17_Y_34.jpg,34,Cropped line image
S17,0,data/17_D_35.jpg,35,Cropped line image
S17,1,data/17_Y_35.jpg,35,Cropped line image
S17,0,data/17_D_36.jpg,36,Cropped line image
S17,1,data/17_Y_36.jpg,36,Cropped line image
S17,0,data/17_D_37.jpg,37,Cropped line image
S17,1,data/17_Y_37.jpg,37,Cropped line image
S17,0,data/17_D_38.jpg,38,Cropped line image
S17,1,data/17_Y_38.jpg,38,Cropped line image
S17,0,data/17_D_39.jpg,39,Cropped line image
S17,1,data/17_Y_39.jpg,39,Cropped line image
S17,0,data/17_D_40.jpg,40,Cropped line image
S17,1,data/17_Y_40.jpg,40,Cropped line image
S17,0,data/17_D_41.jpg,41,Cropped line image
S17,1,data/17_Y_41.jpg,41,Cropped line image
S17,0,data/17_D_42.jpg,42,Cropped line image
S17,1,data/17_Y_42.jpg,42,Cropped line image
S17,0,data/17_D_43.jpg,43,Cropped line image
S17,1,data/17_Y_43.jpg,43,Cropped line image
S17,0,data/17_D_44.jpg,44,Cropped line image
S17,1,data/17_Y_44.jpg,44,Cropped line image
S17,0,data/17_D_45.jpg,45,Cropped line image
S17,1,data/17_Y_45.jpg,45,Cropped line image
S17,0,data/17_D_46.jpg,46,Cropped line image
S17,1,data/17_Y_46.jpg,46,Cropped line image
S17,0,data/17_D_47.jpg,47,Cropped line image
S17,1,data/17_Y_47.jpg,47,Cropped line image
S17,0,data/17_D_48.jpg,48,Cropped line image
S17,1,data/17_Y_48.jpg,48,Cropped line image
S17,0,data/17_D_49.jpg,49,Cropped line image
S17,1,data/17_Y_49.jpg,49,Cropped line image
S18,0,data/18_D_0.jpg,0,Cropped line image
S18,1,data/18_Y_0.jpg,0,Cropped line image
S18,0,data/18_D_1.jpg,1,Cropped line image
S18,1,data/18_Y_1.jpg,1,Cropped line image
S18,0,data/18_D_2.jpg,2,Cropped line image
S18,1,data/18_Y_2.jpg,2,Cropped line image
S18,0,data/18_D_3.jpg,3,Cropped line image
S18,1,data/18_Y_3.jpg,3,Cropped line image
S18,0,data/18_D_4.jpg,4,Cropped line image
S18,1,data/18_Y_4.jpg,4,Cropped line image
S18,0,data/18_D_5.jpg,5,Cropped line image
S18,1,data/18_Y_5.jpg,5,Cropped line image
S18,0,data/18_D_6.jpg,6,Cropped line image
S18,1,data/18_Y_6.jpg,6,Cropped line image
S18,0,data/18_D_7.jpg,7,Cropped line image
S18,1,data/18_Y_7.jpg,7,Cropped line image
S18,0,data/18_D_8.jpg,8,Cropped line image
S18,1,data/18_Y_8.jpg,8,Cropped line image
S18,0,data/18_D_9.jpg,9,Cropped line image
S18,1,data/18_Y_9.jpg,9,Cropped line image
S18,0,data/18_D_10.jpg,10,Cropped line image
S18,1,data/18_Y_10.jpg,10,Cropped line image
S18,0,data/18_D_11.jpg,11,Cropped line image
S18,1,data/18_Y_11.jpg,11,Cropped line image
S18,0,data/18_D_12.jpg,12,Cropped line image
S18,1,data/18_Y_12.jpg,12,Cropped line image
S18,0,data/18_D_13.jpg,13,Cropped line image
S18,1,data/18_Y_13.jpg,13,Cropped line image
S18,0,data/18_D_14.jpg,14,Cropped line image
S18,1,data/18_Y_14.jpg,14,Cropped line image
S18,0,data/18_D_15.jpg,15,Cropped line image
S18,1,data/18_Y_15.jpg,15,Cropped line image
S18,0,data/18_D_16.jpg,16,Cropped line image
S18,1,data/18_Y_16.jpg,16,Cropped line image
S18,0,data/18_D_17.jpg,17,Cropped line image
S18,1,data/18_Y_17.jpg,17,Cropped line image
S18,0,data/18_D_18.jpg,18,Cropped line image
S18,1,data/18_Y_18.jpg,18,Cropped line image
S18,0,data/18_D_19.jpg,19,Cropped line image
S18,1,data/18_Y_19.jpg,19,Cropped line image
S18,0,data/18_D_20.jpg,20,Cropped line image
S18,1,data/18_Y_20.jpg,20,Cropped line image
S18,0,data/18_D_21.jpg,21,Cropped line image
S18,1,data/18_Y_21.jpg,21,Cropped line image
S18,0,data/18_D_22.jpg,22,Cropped line image
S18,1,data/18_Y_22.jpg,22,Cropped line image
S18,0,data/18_D_23.jpg,23,Cropped line image
S18,1,data/18_Y_23.jpg,23,Cropped line image
S18,0,data/18_D_24.jpg,24,Cropped line image
S18,1,data/18_Y_24.jpg,24,Cropped line image
S18,0,data/18_D_25.jpg,25,Cropped line image
S18,1,data/18_Y_25.jpg,25,Cropped line image
S18,0,data/18_D_26.jpg,26,Cropped line image
S18,1,data/18_Y_26.jpg,26,Cropped line image
S18,0,data/18_D_27.jpg,27,Cropped line image
S18,1,data/18_Y_27.jpg,27,Cropped line image
S18,0,data/18_D_28.jpg,28,Cropped line image
S18,1,data/18_Y_28.jpg,28,Cropped line image
S18,0,data/18_D_29.jpg,29,Cropped line image
S18,1,data/18_Y_29.jpg,29,Cropped line image
S18,0,data/18_D_30.jpg,30,Cropped line image
S18,1,data/18_Y_30.jpg,30,Cropped line image
S18,0,data/18_D_31.jpg,31,Cropped line image
S18,1,data/18_Y_31.jpg,31,Cropped line image
S18,0,data/18_D_32.jpg,32,Cropped line image
S18,1,data/18_Y_32.jpg,32,Cropped line image
S18,0,data/18_D_33.jpg,33,Cropped line image
S18,1,data/18_Y_33.jpg,33,Cropped line image
S18,0,data/18_D_34.jpg,34,Cropped line image
S18,1,data/18_Y_34.jpg,34,Cropped line image
S18,0,data/18_D_35.jpg,35,Cropped line image
S18,1,data/18_Y_35.jpg,35,Cropped line image
S18,0,data/18_D_36.jpg,36,Cropped line image
S18,1,data/18_Y_36.jpg,36,Cropped line image
S18,0,data/18_D_37.jpg,37,Cropped line image
S18,1,data/18_Y_37.jpg,37,Cropped line image
S18,0,data/18_D_38.jpg,38,Cropped line image
S18,1,data/18_Y_38.jpg,38,Cropped line image
S18,0,data/18_D_39.jpg,39,Cropped line image
S18,1,data/18_Y_39.jpg,39,Cropped line image
S18,0,data/18_D_40.jpg,40,Cropped line image
S18,1,data/18_Y_40.jpg,40,Cropped line image
S18,0,data/18_D_41.jpg,41,Cropped line image
S18,1,data/18_Y_41.jpg,41,Cropped line image
S18,0,data/18_D_42.jpg,42,Cropped line image
S18,1,data/18_Y_42.jpg,42,Cropped line image
S18,0,data/18_D_43.jpg,43,Cropped line image
S18,1,data/18_Y_43.jpg,43,Cropped line image
S18,0,data/18_D_44.jpg,44,Cropped line image
S18,1,data/18_Y_44.jpg,44,Cropped line image
S18,0,data/18_D_45.jpg,45,Cropped line image
S18,1,data/18_Y_45.jpg,45,Cropped line image
S18,0,data/18_D_46.jpg,46,Cropped line image
S18,1,data/18_Y_46.jpg,46,Cropped line image
S18,0,data/18_D_47.jpg,47,Cropped line image
S18,1,data/18_Y_47.jpg,47,Cropped line image
S18,0,data/18_D_48.jpg,48,Cropped line image
S18,1,data/18_Y_48.jpg,48,Cropped line image
S18,0,data/18_D_49.jpg,49,Cropped line image
S18,1,data/18_Y_49.jpg,49,Cropped line image
S19,0,data/19_D_0.jpg,0,Cropped line image
S19,1,data/19_Y_0.jpg,0,Cropped line image
S19,0,data/19_D_1.jpg,1,Cropped line image
S19,1,data/19_Y_1.jpg,1,Cropped line image
S19,0,data/19_D_2.jpg,2,Cropped line image
S19,1,data/19_Y_2.jpg,2,Cropped line image
S19,0,data/19_D_3.jpg,3,Cropped line image
S19,1,data/19_Y_3.jpg,3,Cropped line image
S19,0,data/19_D_4.jpg,4,Cropped line image
S19,1,data/19_Y_4.jpg,4,Cropped line image
S19,0,data/19_D_5.jpg,5,Cropped line image
S19,1,data/19_Y_5.jpg,5,Cropped line image
S19,0,data/19_D_6.jpg,6,Cropped line image
S19,1,data/19_Y_6.jpg,6,Cropped line image
S19,0,data/19_D_7.jpg,7,Cropped line image
S19,1,data/19_Y_7.jpg,7,Cropped line image
S19,0,data/19_D_8.jpg,8,Cropped line image
S19,1,data/19_Y_8.jpg,8,Cropped line image
S19,0,data/19_D_9.jpg,9,Cropped line image
S19,1,data/19_Y_9.jpg,9,Cropped line image
S19,0,data/19_D_10.jpg,10,Cropped line image
S19,1,data/19_Y_10.jpg,10,Cropped line image
S19,0,data/19_D_11.jpg,11,Cropped line image
S19,1,data/19_Y_11.jpg,11,Cropped line image
S19,0,data/19_D_12.jpg,12,Cropped line image
S19,1,data/19_Y_12.jpg,12,Cropped line image
S19,0,data/19_D_13.jpg,13,Cropped line image
S19,1,data/19_Y_13.jpg,13,Cropped line image
S19,0,data/19_D_14.jpg,14,Cropped line image
S19,1,data/19_Y_14.jpg,14,Cropped line image
S19,0,data/19_D_15.jpg,15,Cropped line image
S19,1,data/19_Y_15.jpg,15,Cropped line image
S19,0,data/19_D_16.jpg,16,Cropped line image
S19,1,data/19_Y_16.jpg,16,Cropped line image
S19,0,data/19_D_17.jpg,17,Cropped line image
S19,1,data/19_Y_17.jpg,17,Cropped line image
S19,0,data/19_D_18.jpg,18,Cropped line image
S19,1,data/19_Y_18.jpg,18,Cropped line image
S19,0,data/19_D_19.jpg,19,Cropped line image
S19,1,data/19_Y_19.jpg,19,Cropped line image
S19,0,data/19_D_20.jpg,20,Cropped line image
S19,1,data/19_Y_20.jpg,20,Cropped line image
S19,0,data/19_D_21.jpg,21,Cropped line image
S19,1,data/19_Y_21.jpg,21,Cropped line image
S19,0,data/19_D_22.jpg,22,Cropped line image
S19,1,data/19_Y_22.jpg,22,Cropped line image
S19,0,data/19_D_23.jpg,23,Cropped line image
S19,1,data/19_Y_23.jpg,23,Cropped line image
S19,0,data/19_D_24.jpg,24,Cropped line image
S19,1,data/19_Y_24.jpg,24,Cropped line image
S19,0,data/19_D_25.jpg,25,Cropped line image
S19,1,data/19_Y_25.jpg,25,Cropped line image
S19,0,data/19_D_26.jpg,26,Cropped line image
S19,1,data/19_Y_26.jpg,26,Cropped line image
S19,0,data/19_D_27.jpg,27,Cropped line image
S19,1,data/19_Y_27.jpg,27,Cropped line image
S19,0,data/19_D_28.jpg,28,Cropped line image
S19,1,data/19_Y_28.jpg,28,Cropped line image
S19,0,data/19_D_29.jpg,29,Cropped line image
S19,1,data/19_Y_29.jpg,29,Cropped line image
S19,0,data/19_D_30.jpg,30,Cropped line image
S19,1,data/19_Y_30.jpg,30,Cropped line image
S19,0,data/19_D_31.jpg,31,Cropped line image
S19,1,data/19_Y_31.jpg,31,Cropped line image
S19,0,data/19_D_32.jpg,32,Cropped line image
S19,1,data/19_Y_32.jpg,32,Cropped line image
S19,0,data/19_D_33.jpg,33,Cropped line image
S19,1,data/19_Y_33.jpg,33,Cropped line image
S19,0,data/19_D_34.jpg,34,Cropped line image
S19,1,data/19_Y_34.jpg,34,Cropped line image
S19,0,data/19_D_35.jpg,35,Cropped line image
S19,1,data/19_Y_35.jpg,35,Cropped line image
S19,0,data/19_D_36.jpg,36,Cropped line image
S19,1,data/19_Y_36.jpg,36,Cropped line image
S19,0,data/19_D_37.jpg,37,Cropped line image
S19,1,data/19_Y_37.jpg,37,Cropped line image
S19,0,data/19_D_38.jpg,38,Cropped line image
S19,1,data/19_Y_38.jpg,38,Cropped line image
S19,0,data/19_D_39.jpg,39,Cropped line image
S19,1,data/19_Y_39.jpg,39,Cropped line image
S19,0,data/19_D_40.jpg,40,Cropped line image
S19,1,data/19_Y_40.jpg,40,Cropped line image
S19,0,data/19_D_41.jpg,41,Cropped line image
S19,1,data/19_Y_41.jpg,41,Cropped line image
S19,0,data/19_D_42.jpg,42,Cropped line image
S19,1,data/19_Y_42.jpg,42,Cropped line image
S19,0,data/19_D_43.jpg,43,Cropped line image
S19,1,data/19_Y_43.jpg,43,Cropped line image
S19,0,data/19_D_44.jpg,44,Cropped line image
S19,1,data/19_Y_44.jpg,44,Cropped line image
S19,0,data/19_D_45.jpg,45,Cropped line image
S19,1,data/19_Y_45.jpg,45,Cropped line image
S19,0,data/19_D_46.jpg,46,Cropped line image
S19,1,data/19_Y_46.jpg,46,Cropped line image
S19,0,data/19_D_47.jpg,47,Cropped line image
S19,1,data/19_Y_47.jpg,47,Cropped line image
S19,0,data/19_D_48.jpg,48,Cropped line image
S19,1,data/19_Y_48.jpg,48,Cropped line image
S19,0,data/19_D_49.jpg,49,Cropped line image
S19,1,data/19_Y_49.jpg,49,Cropped line image
S20,0,data/20_D_0.jpg,0,Cropped line image
S20,1,data/20_Y_0.jpg,0,Cropped line image
S20,0,data/20_D_1.jpg,1,Cropped line image
S20,1,data/20_Y_1.jpg,1,Cropped line image
S20,0,data/20_D_2.jpg,2,Cropped line image
S20,1,data/20_Y_2.jpg,2,Cropped line image
S20,0,data/20_D_3.jpg,3,Cropped line image
S20,1,data/20_Y_3.jpg,3,Cropped line image
S20,0,data/20_D_4.jpg,4,Cropped line image
S20,1,data/20_Y_4.jpg,4,Cropped line image
S20,0,data/20_D_5.jpg,5,Cropped line image
S20,1,data/20_Y_5.jpg,5,Cropped line image
S20,0,data/20_D_6.jpg,6,Cropped line image
S20,1,data/20_Y_6.jpg,6,Cropped line image
S20,0,data/20_D_7.jpg,7,Cropped line image
S20,1,data/20_Y_7.jpg,7,Cropped line image
S20,0,data/20_D_8.jpg,8,Cropped line image
S20,1,data/20_Y_8.jpg,8,Cropped line image
S20,0,data/20_D_9.jpg,9,Cropped line image
S20,1,data/20_Y_9.jpg,9,Cropped line image
S20,0,data/20_D_10.jpg,10,Cropped line image
S20,1,data/20_Y_10.jpg,10,Cropped line image
S20,0,data/20_D_11.jpg,11,Cropped line image
S20,1,data/20_Y_11.jpg,11,Cropped line image
S20,0,data/20_D_12.jpg,12,Cropped line image
S20,1,data/20_Y_12.jpg,12,Cropped line image
S20,0,data/20_D_13.jpg,13,Cropped line image
S20,1,data/20_Y_13.jpg,13,Cropped line image
S20,0,data/20_D_14.jpg,14,Cropped line image
S20,1,data/20_Y_14.jpg,14,Cropped line image
S20,0,data/20_D_15.jpg,15,Cropped line image
S20,1,data/20_Y_15.jpg,15,Cropped line image
S20,0,data/20_D_16.jpg,16,Cropped line image
S20,1,data/20_Y_16.jpg,16,Cropped line image
S20,0,data/20_D_17.jpg,17,Cropped line image
S20,1,data/20_Y_17.jpg,17,Cropped line image
S20,0,data/20_D_18.jpg,18,Cropped line image
S20,1,data/20_Y_18.jpg,18,Cropped line image
S20,0,data/20_D_19.jpg,19,Cropped line image
S20,1,data/20_Y_19.jpg,19,Cropped line image
S20,0,data/20_D_20.jpg,20,Cropped line image
S20,1,data/20_Y_20.jpg,20,Cropped line image
S20,0,data/20_D_21.jpg,21,Cropped line image
S20,1,data/20_Y_21.jpg,21,Cropped line image
S20,0,data/20_D_22.jpg,22,Cropped line image
S20,1,data/20_Y_22.jpg,22,Cropped line image
S20,0,data/20_D_23.jpg,23,Cropped line image
S20,1,data/20_Y_23.jpg,23,Cropped line image
S20,0,data/20_D_24.jpg,24,Cropped line image
S20,1,data/20_Y_24.jpg,24,Cropped line image
S20,0,data/20_D_25.jpg,25,Cropped line image
S20,1,data/20_Y_25.jpg,25,Cropped line image
S20,0,data/20_D_26.jpg,26,Cropped line image
S20,1,data/20_Y_26.jpg,26,Cropped line image
S20,0,data/20_D_27.jpg,27,Cropped line image
S20,1,data/20_Y_27.jpg,27,Cropped line image
S20,0,data/20_D_28.jpg,28,Cropped line image
S20,1,data/20_Y_28.jpg,28,Cropped line image
S20,0,data/20_D_29.jpg,29,Cropped line image
S20,1,data/20_Y_29.jpg,29,Cropped line image
S20,0,data/20_D_30.jpg,30,Cropped line image
S20,1,data/20_Y_30.jpg,30,Cropped line image
S20,0,data/20_D_31.jpg,31,Cropped line image
S20,1,data/20_Y_31.jpg,31,Cropped line image
S20,0,data/20_D_32.jpg,32,Cropped line image
S20,1,data/20_Y_32.jpg,32,Cropped line image
S20,0,data/20_D_33.jpg,33,Cropped line image
S20,1,data/20_Y_33.jpg,33,Cropped line image
S20,0,data/20_D_34.jpg,34,Cropped line image
S20,1,data/20_Y_34.jpg,34,Cropped line image
S20,0,data/20_D_35.jpg,35,Cropped line image
S20,1,data/20_Y_35.jpg,35,Cropped line image
S20,0,data/20_D_36.jpg,36,Cropped line image
S20,1,data/20_Y_36.jpg,36,Cropped line image
S20,0,data/20_D_37.jpg,37,Cropped line image
S20,1,data/20_Y_37.jpg,37,Cropped line image
S20,0,data/20_D_38.jpg,38,Cropped line image
S20,1,data/20_Y_38.jpg,38,Cropped line image
S20,0,data/20_D_39.jpg,39,Cropped line image
S20,1,data/20_Y_39.jpg,39,Cropped line image
S20,0,data/20_D_40.jpg,40,Cropped line image
S20,1,data/20_Y_40.jpg,40,Cropped line image
S20,0,data/20_D_41.jpg,41,Cropped line image
S20,1,data/20_Y_41.jpg,41,Cropped line image
S20,0,data/20_D_42.jpg,42,Cropped line image
S20,1,data/20_Y_42.jpg,42,Cropped line image
S20,0,data/20_D_43.jpg,43,Cropped line image
S20,1,data/20_Y_43.jpg,43,Cropped line image
S20,0,data/20_D_44.jpg,44,Cropped line image
S20,1,data/20_Y_44.jpg,44,Cropped line image
S20,0,data/20_D_45.jpg,45,Cropped line image
S20,1,data/20_Y_45.jpg,45,Cropped line image
S20,0,data/20_D_46.jpg,46,Cropped line image
S20,1,data/20_Y_46.jpg,46,Cropped line image
S20,0,data/20_D_47.jpg,47,Cropped line image
S20,1,data/20_Y_47.jpg,47,Cropped line image
S20,0,data/20_D_48.jpg,48,Cropped line image
S20,1,data/20_Y_48.jpg,48,Cropped line image
S20,0,data/20_D_49.jpg,49,Cropped line image
S20,1,data/20_Y_49.jpg,49,Cropped line image
S21,0,data/21_D_0.jpg,0,Cropped line image
S21,1,data/21_Y_0.jpg,0,Cropped line image
S21,0,data/21_D_1.jpg,1,Cropped line image
S21,1,data/21_Y_1.jpg,1,Cropped line image
S21,0,data/21_D_2.jpg,2,Cropped line image
S21,1,data/21_Y_2.jpg,2,Cropped line image
S21,0,data/21_D_3.jpg,3,Cropped line image
S21,1,data/21_Y_3.jpg,3,Cropped line image
S21,0,data/21_D_4.jpg,4,Cropped line image
S21,1,data/21_Y_4.jpg,4,Cropped line image
S21,0,data/21_D_5.jpg,5,Cropped line image
S21,1,data/21_Y_5.jpg,5,Cropped line image
S21,0,data/21_D_6.jpg,6,Cropped line image
S21,1,data/21_Y_6.jpg,6,Cropped line image
S21,0,data/21_D_7.jpg,7,Cropped line image
S21,1,data/21_Y_7.jpg,7,Cropped line image
S21,0,data/21_D_8.jpg,8,Cropped line image
S21,1,data/21_Y_8.jpg,8,Cropped line image
S21,0,data/21_D_9.jpg,9,Cropped line image
S21,1,data/21_Y_9.jpg,9,Cropped line image
S21,0,data/21_D_10.jpg,10,Cropped line image
S21,1,data/21_Y_10.jpg,10,Cropped line image
S21,0,data/21_D_11.jpg,11,Cropped line image
S21,1,data/21_Y_11.jpg,11,Cropped line image
S21,0,data/21_D_12.jpg,12,Cropped line image
S21,1,data/21_Y_12.jpg,12,Cropped line image
S21,0,data/21_D_13.jpg,13,Cropped line image
S21,1,data/21_Y_13.jpg,13,Cropped line image
S21,0,data/21_D_14.jpg,14,Cropped line image
S21,1,data/21_Y_14.jpg,14,Cropped line image
S21,0,data/21_D_15.jpg,15,Cropped line image
S21,1,data/21_Y_15.jpg,15,Cropped line image
S21,0,data/21_D_16.jpg,16,Cropped line image
S21,1,data/21_Y_16.jpg,16,Cropped line image
S21,0,data/21_D_17.jpg,17,Cropped line image
S21,1,data/21_Y_17.jpg,17,Cropped line image
S21,0,data/21_D_18.jpg,18,Cropped line image
S21,1,data/21_Y_18.jpg,18,Cropped line image
S21,0,data/21_D_19.jpg,19,Cropped line image
S21,1,data/21_Y_19.jpg,19,Cropped line image
S21,0,data/21_D_20.jpg,20,Cropped line image
S21,1,data/21_Y_20.jpg,20,Cropped line image
S21,0,data/21_D_21.jpg,21,Cropped line image
S21,1,data/21_Y_21.jpg,21,Cropped line image
S21,0,data/21_D_22.jpg,22,Cropped line image
S21,1,data/21_Y_22.jpg,22,Cropped line image
S21,0,data/21_D_23.jpg,23,Cropped line image
S21,1,data/21_Y_23.jpg,23,Cropped line image
S21,0,data/21_D_24.jpg,24,Cropped line image
S21,1,data/21_Y_24.jpg,24,Cropped line image
S21,0,data/21_D_25.jpg,25,Cropped line image
S21,1,data/21_Y_25.jpg,25,Cropped line image
S21,0,data/21_D_26.jpg,26,Cropped line image
S21,1,data/21_Y_26.jpg,26,Cropped line image
S21,0,data/21_D_27.jpg,27,Cropped line image
S21,1,data/21_Y_27.jpg,27,Cropped line image
S21,0,data/21_D_28.jpg,28,Cropped line image
S21,1,data/21_Y_28.jpg,28,Cropped line image
S21,0,data/21_D_29.jpg,29,Cropped line image
S21,1,data/21_Y_29.jpg,29,Cropped line image
S21,0,data/21_D_30.jpg,30,Cropped line image
S21,1,data/21_Y_30.jpg,30,Cropped line image
S21,0,data/21_D_31.jpg,31,Cropped line image
S21,1,data/21_Y_31.jpg,31,Cropped line image
S21,0,data/21_D_32.jpg,32,Cropped line image
S21,1,data/21_Y_32.jpg,32,Cropped line image
S21,0,data/21_D_33.jpg,33,Cropped line image
S21,1,data/21_Y_33.jpg,33,Cropped line image
S21,0,data/21_D_34.jpg,34,Cropped line image
S21,1,data/21_Y_34.jpg,34,Cropped line image
S21,0,data/21_D_35.jpg,35,Cropped line image
S21,1,data/21_Y_35.jpg,35,Cropped line image
S21,0,data/21_D_36.jpg,36,Cropped line image
S21,1,data/21_Y_36.jpg,36,Cropped line image
S21,0,data/21_D_37.jpg,37,Cropped line image
S21,1,data/21_Y_37.jpg,37,Cropped line image
S21,0,data/21_D_38.jpg,38,Cropped line image
S21,1,data/21_Y_38.jpg,38,Cropped line image
S21,0,data/21_D_39.jpg,39,Cropped line image
S21,1,data/21_Y_39.jpg,39,Cropped line image
S21,0,data/21_D_40.jpg,40,Cropped line image
S21,1,data/21_Y_40.jpg,40,Cropped line image
S21,0,data/21_D_41.jpg,41,Cropped line image
S21,1,data/21_Y_41.jpg,41,Cropped line image
S21,0,data/21_D_42.jpg,42,Cropped line image
S21,1,data/21_Y_42.jpg,42,Cropped line image
S21,0,data/21_D_43.jpg,43,Cropped line image
S21,1,data/21_Y_43.jpg,43,Cropped line image
S21,0,data/21_D_44.jpg,44,Cropped line image
S21,1,data/21_Y_44.jpg,44,Cropped line image
S21,0,data/21_D_45.jpg,45,Cropped line image
S21,1,data/21_Y_45.jpg,45,Cropped line image
S21,0,data/21_D_46.jpg,46,Cropped line image
S21,1,data/21_Y_46.jpg,46,Cropped line image
S21,0,data/21_D_47.jpg,47,Cropped line image
S21,1,data/21_Y_47.jpg,47,Cropped line image
S21,0,data/21_D_48.jpg,48,Cropped line image
S21,1,data/21_Y_48.jpg,48,Cropped line image
S21,0,data/21_D_49.jpg,49,Cropped line image
S21,1,data/21_Y_49.jpg,49,Cropped line image
